date_key,full_date,day,month,month_name,quarter,year,week_of_year,day_of_week,is_weekend
1,2021-01-01,1,1,January,1,2021,53,Friday,False
2,2021-01-02,2,1,January,1,2021,53,Saturday,True
3,2021-01-03,3,1,January,1,2021,53,Sunday,True
4,2021-01-04,4,1,January,1,2021,1,Monday,False
5,2021-01-05,5,1,January,1,2021,1,Tuesday,False
6,2021-01-06,6,1,January,1,2021,1,Wednesday,False
7,2021-01-07,7,1,January,1,2021,1,Thursday,False
8,2021-01-08,8,1,January,1,2021,1,Friday,False
9,2021-01-09,9,1,January,1,2021,1,Saturday,True
10,2021-01-10,10,1,January,1,2021,1,Sunday,True
11,2021-01-11,11,1,January,1,2021,2,Monday,False
12,2021-01-12,12,1,January,1,2021,2,Tuesday,False
13,2021-01-13,13,1,January,1,2021,2,Wednesday,False
14,2021-01-14,14,1,January,1,2021,2,Thursday,False
15,2021-01-15,15,1,January,1,2021,2,Friday,False
16,2021-01-16,16,1,January,1,2021,2,Saturday,True
17,2021-01-17,17,1,January,1,2021,2,Sunday,True
18,2021-01-18,18,1,January,1,2021,3,Monday,False
19,2021-01-19,19,1,January,1,2021,3,Tuesday,False
20,2021-01-20,20,1,January,1,2021,3,Wednesday,False
21,2021-01-21,21,1,January,1,2021,3,Thursday,False
22,2021-01-22,22,1,January,1,2021,3,Friday,False
23,2021-01-23,23,1,January,1,2021,3,Saturday,True
24,2021-01-24,24,1,January,1,2021,3,Sunday,True
25,2021-01-25,25,1,January,1,2021,4,Monday,False
26,2021-01-26,26,1,January,1,2021,4,Tuesday,False
27,2021-01-27,27,1,January,1,2021,4,Wednesday,False
28,2021-01-28,28,1,January,1,2021,4,Thursday,False
29,2021-01-29,29,1,January,1,2021,4,Friday,False
30,2021-01-30,30,1,January,1,2021,4,Saturday,True
31,2021-01-31,31,1,January,1,2021,4,Sunday,True
32,2021-02-01,1,2,February,1,2021,5,Monday,False
33,2021-02-02,2,2,February,1,2021,5,Tuesday,False
34,2021-02-03,3,2,February,1,2021,5,Wednesday,False
35,2021-02-04,4,2,February,1,2021,5,Thursday,False
36,2021-02-05,5,2,February,1,2021,5,Friday,False
37,2021-02-06,6,2,February,1,2021,5,Saturday,True
38,2021-02-07,7,2,February,1,2021,5,Sunday,True
39,2021-02-08,8,2,February,1,2021,6,Monday,False
40,2021-02-09,9,2,February,1,2021,6,Tuesday,False
41,2021-02-10,10,2,February,1,2021,6,Wednesday,False
42,2021-02-11,11,2,February,1,2021,6,Thursday,False
43,2021-02-12,12,2,February,1,2021,6,Friday,False
44,2021-02-13,13,2,February,1,2021,6,Saturday,True
45,2021-02-14,14,2,February,1,2021,6,Sunday,True
46,2021-02-15,15,2,February,1,2021,7,Monday,False
47,2021-02-16,16,2,February,1,2021,7,Tuesday,False
48,2021-02-17,17,2,February,1,2021,7,Wednesday,False
49,2021-02-18,18,2,February,1,2021,7,Thursday,False
50,2021-02-19,19,2,February,1,2021,7,Friday,False
51,2021-02-20,20,2,February,1,2021,7,Saturday,True
52,2021-02-21,21,2,February,1,2021,7,Sunday,True
53,2021-02-22,22,2,February,1,2021,8,Monday,False
54,2021-02-23,23,2,February,1,2021,8,Tuesday,False
55,2021-02-24,24,2,February,1,2021,8,Wednesday,False
56,2021-02-25,25,2,February,1,2021,8,Thursday,False
57,2021-02-26,26,2,February,1,2021,8,Friday,False
58,2021-02-27,27,2,February,1,2021,8,Saturday,True
59,2021-02-28,28,2,February,1,2021,8,Sunday,True
60,2021-03-01,1,3,March,1,2021,9,Monday,False
61,2021-03-02,2,3,March,1,2021,9,Tuesday,False
62,2021-03-03,3,3,March,1,2021,9,Wednesday,False
63,2021-03-04,4,3,March,1,2021,9,Thursday,False
64,2021-03-05,5,3,March,1,2021,9,Friday,False
65,2021-03-06,6,3,March,1,2021,9,Saturday,True
66,2021-03-07,7,3,March,1,2021,9,Sunday,True
67,2021-03-08,8,3,March,1,2021,10,Monday,False
68,2021-03-09,9,3,March,1,2021,10,Tuesday,False
69,2021-03-10,10,3,March,1,2021,10,Wednesday,False
70,2021-03-11,11,3,March,1,2021,10,Thursday,False
71,2021-03-12,12,3,March,1,2021,10,Friday,False
72,2021-03-13,13,3,March,1,2021,10,Saturday,True
73,2021-03-14,14,3,March,1,2021,10,Sunday,True
74,2021-03-15,15,3,March,1,2021,11,Monday,False
75,2021-03-16,16,3,March,1,2021,11,Tuesday,False
76,2021-03-17,17,3,March,1,2021,11,Wednesday,False
77,2021-03-18,18,3,March,1,2021,11,Thursday,False
78,2021-03-19,19,3,March,1,2021,11,Friday,False
79,2021-03-20,20,3,March,1,2021,11,Saturday,True
80,2021-03-21,21,3,March,1,2021,11,Sunday,True
81,2021-03-22,22,3,March,1,2021,12,Monday,False
82,2021-03-23,23,3,March,1,2021,12,Tuesday,False
83,2021-03-24,24,3,March,1,2021,12,Wednesday,False
84,2021-03-25,25,3,March,1,2021,12,Thursday,False
85,2021-03-26,26,3,March,1,2021,12,Friday,False
86,2021-03-27,27,3,March,1,2021,12,Saturday,True
87,2021-03-28,28,3,March,1,2021,12,Sunday,True
88,2021-03-29,29,3,March,1,2021,13,Monday,False
89,2021-03-30,30,3,March,1,2021,13,Tuesday,False
90,2021-03-31,31,3,March,1,2021,13,Wednesday,False
91,2021-04-01,1,4,April,2,2021,13,Thursday,False
92,2021-04-02,2,4,April,2,2021,13,Friday,False
93,2021-04-03,3,4,April,2,2021,13,Saturday,True
94,2021-04-04,4,4,April,2,2021,13,Sunday,True
95,2021-04-05,5,4,April,2,2021,14,Monday,False
96,2021-04-06,6,4,April,2,2021,14,Tuesday,False
97,2021-04-07,7,4,April,2,2021,14,Wednesday,False
98,2021-04-08,8,4,April,2,2021,14,Thursday,False
99,2021-04-09,9,4,April,2,2021,14,Friday,False
100,2021-04-10,10,4,April,2,2021,14,Saturday,True
101,2021-04-11,11,4,April,2,2021,14,Sunday,True
102,2021-04-12,12,4,April,2,2021,15,Monday,False
103,2021-04-13,13,4,April,2,2021,15,Tuesday,False
104,2021-04-14,14,4,April,2,2021,15,Wednesday,False
105,2021-04-15,15,4,April,2,2021,15,Thursday,False
106,2021-04-16,16,4,April,2,2021,15,Friday,False
107,2021-04-17,17,4,April,2,2021,15,Saturday,True
108,2021-04-18,18,4,April,2,2021,15,Sunday,True
109,2021-04-19,19,4,April,2,2021,16,Monday,False
110,2021-04-20,20,4,April,2,2021,16,Tuesday,False
111,2021-04-21,21,4,April,2,2021,16,Wednesday,False
112,2021-04-22,22,4,April,2,2021,16,Thursday,False
113,2021-04-23,23,4,April,2,2021,16,Friday,False
114,2021-04-24,24,4,April,2,2021,16,Saturday,True
115,2021-04-25,25,4,April,2,2021,16,Sunday,True
116,2021-04-26,26,4,April,2,2021,17,Monday,False
117,2021-04-27,27,4,April,2,2021,17,Tuesday,False
118,2021-04-28,28,4,April,2,2021,17,Wednesday,False
119,2021-04-29,29,4,April,2,2021,17,Thursday,False
120,2021-04-30,30,4,April,2,2021,17,Friday,False
121,2021-05-01,1,5,May,2,2021,17,Saturday,True
122,2021-05-02,2,5,May,2,2021,17,Sunday,True
123,2021-05-03,3,5,May,2,2021,18,Monday,False
124,2021-05-04,4,5,May,2,2021,18,Tuesday,False
125,2021-05-05,5,5,May,2,2021,18,Wednesday,False
126,2021-05-06,6,5,May,2,2021,18,Thursday,False
127,2021-05-07,7,5,May,2,2021,18,Friday,False
128,2021-05-08,8,5,May,2,2021,18,Saturday,True
129,2021-05-09,9,5,May,2,2021,18,Sunday,True
130,2021-05-10,10,5,May,2,2021,19,Monday,False
131,2021-05-11,11,5,May,2,2021,19,Tuesday,False
132,2021-05-12,12,5,May,2,2021,19,Wednesday,False
133,2021-05-13,13,5,May,2,2021,19,Thursday,False
134,2021-05-14,14,5,May,2,2021,19,Friday,False
135,2021-05-15,15,5,May,2,2021,19,Saturday,True
136,2021-05-16,16,5,May,2,2021,19,Sunday,True
137,2021-05-17,17,5,May,2,2021,20,Monday,False
138,2021-05-18,18,5,May,2,2021,20,Tuesday,False
139,2021-05-19,19,5,May,2,2021,20,Wednesday,False
140,2021-05-20,20,5,May,2,2021,20,Thursday,False
141,2021-05-21,21,5,May,2,2021,20,Friday,False
142,2021-05-22,22,5,May,2,2021,20,Saturday,True
143,2021-05-23,23,5,May,2,2021,20,Sunday,True
144,2021-05-24,24,5,May,2,2021,21,Monday,False
145,2021-05-25,25,5,May,2,2021,21,Tuesday,False
146,2021-05-26,26,5,May,2,2021,21,Wednesday,False
147,2021-05-27,27,5,May,2,2021,21,Thursday,False
148,2021-05-28,28,5,May,2,2021,21,Friday,False
149,2021-05-29,29,5,May,2,2021,21,Saturday,True
150,2021-05-30,30,5,May,2,2021,21,Sunday,True
151,2021-05-31,31,5,May,2,2021,22,Monday,False
152,2021-06-01,1,6,June,2,2021,22,Tuesday,False
153,2021-06-02,2,6,June,2,2021,22,Wednesday,False
154,2021-06-03,3,6,June,2,2021,22,Thursday,False
155,2021-06-04,4,6,June,2,2021,22,Friday,False
156,2021-06-05,5,6,June,2,2021,22,Saturday,True
157,2021-06-06,6,6,June,2,2021,22,Sunday,True
158,2021-06-07,7,6,June,2,2021,23,Monday,False
159,2021-06-08,8,6,June,2,2021,23,Tuesday,False
160,2021-06-09,9,6,June,2,2021,23,Wednesday,False
161,2021-06-10,10,6,June,2,2021,23,Thursday,False
162,2021-06-11,11,6,June,2,2021,23,Friday,False
163,2021-06-12,12,6,June,2,2021,23,Saturday,True
164,2021-06-13,13,6,June,2,2021,23,Sunday,True
165,2021-06-14,14,6,June,2,2021,24,Monday,False
166,2021-06-15,15,6,June,2,2021,24,Tuesday,False
167,2021-06-16,16,6,June,2,2021,24,Wednesday,False
168,2021-06-17,17,6,June,2,2021,24,Thursday,False
169,2021-06-18,18,6,June,2,2021,24,Friday,False
170,2021-06-19,19,6,June,2,2021,24,Saturday,True
171,2021-06-20,20,6,June,2,2021,24,Sunday,True
172,2021-06-21,21,6,June,2,2021,25,Monday,False
173,2021-06-22,22,6,June,2,2021,25,Tuesday,False
174,2021-06-23,23,6,June,2,2021,25,Wednesday,False
175,2021-06-24,24,6,June,2,2021,25,Thursday,False
176,2021-06-25,25,6,June,2,2021,25,Friday,False
177,2021-06-26,26,6,June,2,2021,25,Saturday,True
178,2021-06-27,27,6,June,2,2021,25,Sunday,True
179,2021-06-28,28,6,June,2,2021,26,Monday,False
180,2021-06-29,29,6,June,2,2021,26,Tuesday,False
181,2021-06-30,30,6,June,2,2021,26,Wednesday,False
182,2021-07-01,1,7,July,3,2021,26,Thursday,False
183,2021-07-02,2,7,July,3,2021,26,Friday,False
184,2021-07-03,3,7,July,3,2021,26,Saturday,True
185,2021-07-04,4,7,July,3,2021,26,Sunday,True
186,2021-07-05,5,7,July,3,2021,27,Monday,False
187,2021-07-06,6,7,July,3,2021,27,Tuesday,False
188,2021-07-07,7,7,July,3,2021,27,Wednesday,False
189,2021-07-08,8,7,July,3,2021,27,Thursday,False
190,2021-07-09,9,7,July,3,2021,27,Friday,False
191,2021-07-10,10,7,July,3,2021,27,Saturday,True
192,2021-07-11,11,7,July,3,2021,27,Sunday,True
193,2021-07-12,12,7,July,3,2021,28,Monday,False
194,2021-07-13,13,7,July,3,2021,28,Tuesday,False
195,2021-07-14,14,7,July,3,2021,28,Wednesday,False
196,2021-07-15,15,7,July,3,2021,28,Thursday,False
197,2021-07-16,16,7,July,3,2021,28,Friday,False
198,2021-07-17,17,7,July,3,2021,28,Saturday,True
199,2021-07-18,18,7,July,3,2021,28,Sunday,True
200,2021-07-19,19,7,July,3,2021,29,Monday,False
201,2021-07-20,20,7,July,3,2021,29,Tuesday,False
202,2021-07-21,21,7,July,3,2021,29,Wednesday,False
203,2021-07-22,22,7,July,3,2021,29,Thursday,False
204,2021-07-23,23,7,July,3,2021,29,Friday,False
205,2021-07-24,24,7,July,3,2021,29,Saturday,True
206,2021-07-25,25,7,July,3,2021,29,Sunday,True
207,2021-07-26,26,7,July,3,2021,30,Monday,False
208,2021-07-27,27,7,July,3,2021,30,Tuesday,False
209,2021-07-28,28,7,July,3,2021,30,Wednesday,False
210,2021-07-29,29,7,July,3,2021,30,Thursday,False
211,2021-07-30,30,7,July,3,2021,30,Friday,False
212,2021-07-31,31,7,July,3,2021,30,Saturday,True
213,2021-08-01,1,8,August,3,2021,30,Sunday,True
214,2021-08-02,2,8,August,3,2021,31,Monday,False
215,2021-08-03,3,8,August,3,2021,31,Tuesday,False
216,2021-08-04,4,8,August,3,2021,31,Wednesday,False
217,2021-08-05,5,8,August,3,2021,31,Thursday,False
218,2021-08-06,6,8,August,3,2021,31,Friday,False
219,2021-08-07,7,8,August,3,2021,31,Saturday,True
220,2021-08-08,8,8,August,3,2021,31,Sunday,True
221,2021-08-09,9,8,August,3,2021,32,Monday,False
222,2021-08-10,10,8,August,3,2021,32,Tuesday,False
223,2021-08-11,11,8,August,3,2021,32,Wednesday,False
224,2021-08-12,12,8,August,3,2021,32,Thursday,False
225,2021-08-13,13,8,August,3,2021,32,Friday,False
226,2021-08-14,14,8,August,3,2021,32,Saturday,True
227,2021-08-15,15,8,August,3,2021,32,Sunday,True
228,2021-08-16,16,8,August,3,2021,33,Monday,False
229,2021-08-17,17,8,August,3,2021,33,Tuesday,False
230,2021-08-18,18,8,August,3,2021,33,Wednesday,False
231,2021-08-19,19,8,August,3,2021,33,Thursday,False
232,2021-08-20,20,8,August,3,2021,33,Friday,False
233,2021-08-21,21,8,August,3,2021,33,Saturday,True
234,2021-08-22,22,8,August,3,2021,33,Sunday,True
235,2021-08-23,23,8,August,3,2021,34,Monday,False
236,2021-08-24,24,8,August,3,2021,34,Tuesday,False
237,2021-08-25,25,8,August,3,2021,34,Wednesday,False
238,2021-08-26,26,8,August,3,2021,34,Thursday,False
239,2021-08-27,27,8,August,3,2021,34,Friday,False
240,2021-08-28,28,8,August,3,2021,34,Saturday,True
241,2021-08-29,29,8,August,3,2021,34,Sunday,True
242,2021-08-30,30,8,August,3,2021,35,Monday,False
243,2021-08-31,31,8,August,3,2021,35,Tuesday,False
244,2021-09-01,1,9,September,3,2021,35,Wednesday,False
245,2021-09-02,2,9,September,3,2021,35,Thursday,False
246,2021-09-03,3,9,September,3,2021,35,Friday,False
247,2021-09-04,4,9,September,3,2021,35,Saturday,True
248,2021-09-05,5,9,September,3,2021,35,Sunday,True
249,2021-09-06,6,9,September,3,2021,36,Monday,False
250,2021-09-07,7,9,September,3,2021,36,Tuesday,False
251,2021-09-08,8,9,September,3,2021,36,Wednesday,False
252,2021-09-09,9,9,September,3,2021,36,Thursday,False
253,2021-09-10,10,9,September,3,2021,36,Friday,False
254,2021-09-11,11,9,September,3,2021,36,Saturday,True
255,2021-09-12,12,9,September,3,2021,36,Sunday,True
256,2021-09-13,13,9,September,3,2021,37,Monday,False
257,2021-09-14,14,9,September,3,2021,37,Tuesday,False
258,2021-09-15,15,9,September,3,2021,37,Wednesday,False
259,2021-09-16,16,9,September,3,2021,37,Thursday,False
260,2021-09-17,17,9,September,3,2021,37,Friday,False
261,2021-09-18,18,9,September,3,2021,37,Saturday,True
262,2021-09-19,19,9,September,3,2021,37,Sunday,True
263,2021-09-20,20,9,September,3,2021,38,Monday,False
264,2021-09-21,21,9,September,3,2021,38,Tuesday,False
265,2021-09-22,22,9,September,3,2021,38,Wednesday,False
266,2021-09-23,23,9,September,3,2021,38,Thursday,False
267,2021-09-24,24,9,September,3,2021,38,Friday,False
268,2021-09-25,25,9,September,3,2021,38,Saturday,True
269,2021-09-26,26,9,September,3,2021,38,Sunday,True
270,2021-09-27,27,9,September,3,2021,39,Monday,False
271,2021-09-28,28,9,September,3,2021,39,Tuesday,False
272,2021-09-29,29,9,September,3,2021,39,Wednesday,False
273,2021-09-30,30,9,September,3,2021,39,Thursday,False
274,2021-10-01,1,10,October,4,2021,39,Friday,False
275,2021-10-02,2,10,October,4,2021,39,Saturday,True
276,2021-10-03,3,10,October,4,2021,39,Sunday,True
277,2021-10-04,4,10,October,4,2021,40,Monday,False
278,2021-10-05,5,10,October,4,2021,40,Tuesday,False
279,2021-10-06,6,10,October,4,2021,40,Wednesday,False
280,2021-10-07,7,10,October,4,2021,40,Thursday,False
281,2021-10-08,8,10,October,4,2021,40,Friday,False
282,2021-10-09,9,10,October,4,2021,40,Saturday,True
283,2021-10-10,10,10,October,4,2021,40,Sunday,True
284,2021-10-11,11,10,October,4,2021,41,Monday,False
285,2021-10-12,12,10,October,4,2021,41,Tuesday,False
286,2021-10-13,13,10,October,4,2021,41,Wednesday,False
287,2021-10-14,14,10,October,4,2021,41,Thursday,False
288,2021-10-15,15,10,October,4,2021,41,Friday,False
289,2021-10-16,16,10,October,4,2021,41,Saturday,True
290,2021-10-17,17,10,October,4,2021,41,Sunday,True
291,2021-10-18,18,10,October,4,2021,42,Monday,False
292,2021-10-19,19,10,October,4,2021,42,Tuesday,False
293,2021-10-20,20,10,October,4,2021,42,Wednesday,False
294,2021-10-21,21,10,October,4,2021,42,Thursday,False
295,2021-10-22,22,10,October,4,2021,42,Friday,False
296,2021-10-23,23,10,October,4,2021,42,Saturday,True
297,2021-10-24,24,10,October,4,2021,42,Sunday,True
298,2021-10-25,25,10,October,4,2021,43,Monday,False
299,2021-10-26,26,10,October,4,2021,43,Tuesday,False
300,2021-10-27,27,10,October,4,2021,43,Wednesday,False
301,2021-10-28,28,10,October,4,2021,43,Thursday,False
302,2021-10-29,29,10,October,4,2021,43,Friday,False
303,2021-10-30,30,10,October,4,2021,43,Saturday,True
304,2021-10-31,31,10,October,4,2021,43,Sunday,True
305,2021-11-01,1,11,November,4,2021,44,Monday,False
306,2021-11-02,2,11,November,4,2021,44,Tuesday,False
307,2021-11-03,3,11,November,4,2021,44,Wednesday,False
308,2021-11-04,4,11,November,4,2021,44,Thursday,False
309,2021-11-05,5,11,November,4,2021,44,Friday,False
310,2021-11-06,6,11,November,4,2021,44,Saturday,True
311,2021-11-07,7,11,November,4,2021,44,Sunday,True
312,2021-11-08,8,11,November,4,2021,45,Monday,False
313,2021-11-09,9,11,November,4,2021,45,Tuesday,False
314,2021-11-10,10,11,November,4,2021,45,Wednesday,False
315,2021-11-11,11,11,November,4,2021,45,Thursday,False
316,2021-11-12,12,11,November,4,2021,45,Friday,False
317,2021-11-13,13,11,November,4,2021,45,Saturday,True
318,2021-11-14,14,11,November,4,2021,45,Sunday,True
319,2021-11-15,15,11,November,4,2021,46,Monday,False
320,2021-11-16,16,11,November,4,2021,46,Tuesday,False
321,2021-11-17,17,11,November,4,2021,46,Wednesday,False
322,2021-11-18,18,11,November,4,2021,46,Thursday,False
323,2021-11-19,19,11,November,4,2021,46,Friday,False
324,2021-11-20,20,11,November,4,2021,46,Saturday,True
325,2021-11-21,21,11,November,4,2021,46,Sunday,True
326,2021-11-22,22,11,November,4,2021,47,Monday,False
327,2021-11-23,23,11,November,4,2021,47,Tuesday,False
328,2021-11-24,24,11,November,4,2021,47,Wednesday,False
329,2021-11-25,25,11,November,4,2021,47,Thursday,False
330,2021-11-26,26,11,November,4,2021,47,Friday,False
331,2021-11-27,27,11,November,4,2021,47,Saturday,True
332,2021-11-28,28,11,November,4,2021,47,Sunday,True
333,2021-11-29,29,11,November,4,2021,48,Monday,False
334,2021-11-30,30,11,November,4,2021,48,Tuesday,False
335,2021-12-01,1,12,December,4,2021,48,Wednesday,False
336,2021-12-02,2,12,December,4,2021,48,Thursday,False
337,2021-12-03,3,12,December,4,2021,48,Friday,False
338,2021-12-04,4,12,December,4,2021,48,Saturday,True
339,2021-12-05,5,12,December,4,2021,48,Sunday,True
340,2021-12-06,6,12,December,4,2021,49,Monday,False
341,2021-12-07,7,12,December,4,2021,49,Tuesday,False
342,2021-12-08,8,12,December,4,2021,49,Wednesday,False
343,2021-12-09,9,12,December,4,2021,49,Thursday,False
344,2021-12-10,10,12,December,4,2021,49,Friday,False
345,2021-12-11,11,12,December,4,2021,49,Saturday,True
346,2021-12-12,12,12,December,4,2021,49,Sunday,True
347,2021-12-13,13,12,December,4,2021,50,Monday,False
348,2021-12-14,14,12,December,4,2021,50,Tuesday,False
349,2021-12-15,15,12,December,4,2021,50,Wednesday,False
350,2021-12-16,16,12,December,4,2021,50,Thursday,False
351,2021-12-17,17,12,December,4,2021,50,Friday,False
352,2021-12-18,18,12,December,4,2021,50,Saturday,True
353,2021-12-19,19,12,December,4,2021,50,Sunday,True
354,2021-12-20,20,12,December,4,2021,51,Monday,False
355,2021-12-21,21,12,December,4,2021,51,Tuesday,False
356,2021-12-22,22,12,December,4,2021,51,Wednesday,False
357,2021-12-23,23,12,December,4,2021,51,Thursday,False
358,2021-12-24,24,12,December,4,2021,51,Friday,False
359,2021-12-25,25,12,December,4,2021,51,Saturday,True
360,2021-12-26,26,12,December,4,2021,51,Sunday,True
361,2021-12-27,27,12,December,4,2021,52,Monday,False
362,2021-12-28,28,12,December,4,2021,52,Tuesday,False
363,2021-12-29,29,12,December,4,2021,52,Wednesday,False
364,2021-12-30,30,12,December,4,2021,52,Thursday,False
365,2021-12-31,31,12,December,4,2021,52,Friday,False
366,2022-01-01,1,1,January,1,2022,52,Saturday,True
367,2022-01-02,2,1,January,1,2022,52,Sunday,True
368,2022-01-03,3,1,January,1,2022,1,Monday,False
369,2022-01-04,4,1,January,1,2022,1,Tuesday,False
370,2022-01-05,5,1,January,1,2022,1,Wednesday,False
371,2022-01-06,6,1,January,1,2022,1,Thursday,False
372,2022-01-07,7,1,January,1,2022,1,Friday,False
373,2022-01-08,8,1,January,1,2022,1,Saturday,True
374,2022-01-09,9,1,January,1,2022,1,Sunday,True
375,2022-01-10,10,1,January,1,2022,2,Monday,False
376,2022-01-11,11,1,January,1,2022,2,Tuesday,False
377,2022-01-12,12,1,January,1,2022,2,Wednesday,False
378,2022-01-13,13,1,January,1,2022,2,Thursday,False
379,2022-01-14,14,1,January,1,2022,2,Friday,False
380,2022-01-15,15,1,January,1,2022,2,Saturday,True
381,2022-01-16,16,1,January,1,2022,2,Sunday,True
382,2022-01-17,17,1,January,1,2022,3,Monday,False
383,2022-01-18,18,1,January,1,2022,3,Tuesday,False
384,2022-01-19,19,1,January,1,2022,3,Wednesday,False
385,2022-01-20,20,1,January,1,2022,3,Thursday,False
386,2022-01-21,21,1,January,1,2022,3,Friday,False
387,2022-01-22,22,1,January,1,2022,3,Saturday,True
388,2022-01-23,23,1,January,1,2022,3,Sunday,True
389,2022-01-24,24,1,January,1,2022,4,Monday,False
390,2022-01-25,25,1,January,1,2022,4,Tuesday,False
391,2022-01-26,26,1,January,1,2022,4,Wednesday,False
392,2022-01-27,27,1,January,1,2022,4,Thursday,False
393,2022-01-28,28,1,January,1,2022,4,Friday,False
394,2022-01-29,29,1,January,1,2022,4,Saturday,True
395,2022-01-30,30,1,January,1,2022,4,Sunday,True
396,2022-01-31,31,1,January,1,2022,5,Monday,False
397,2022-02-01,1,2,February,1,2022,5,Tuesday,False
398,2022-02-02,2,2,February,1,2022,5,Wednesday,False
399,2022-02-03,3,2,February,1,2022,5,Thursday,False
400,2022-02-04,4,2,February,1,2022,5,Friday,False
401,2022-02-05,5,2,February,1,2022,5,Saturday,True
402,2022-02-06,6,2,February,1,2022,5,Sunday,True
403,2022-02-07,7,2,February,1,2022,6,Monday,False
404,2022-02-08,8,2,February,1,2022,6,Tuesday,False
405,2022-02-09,9,2,February,1,2022,6,Wednesday,False
406,2022-02-10,10,2,February,1,2022,6,Thursday,False
407,2022-02-11,11,2,February,1,2022,6,Friday,False
408,2022-02-12,12,2,February,1,2022,6,Saturday,True
409,2022-02-13,13,2,February,1,2022,6,Sunday,True
410,2022-02-14,14,2,February,1,2022,7,Monday,False
411,2022-02-15,15,2,February,1,2022,7,Tuesday,False
412,2022-02-16,16,2,February,1,2022,7,Wednesday,False
413,2022-02-17,17,2,February,1,2022,7,Thursday,False
414,2022-02-18,18,2,February,1,2022,7,Friday,False
415,2022-02-19,19,2,February,1,2022,7,Saturday,True
416,2022-02-20,20,2,February,1,2022,7,Sunday,True
417,2022-02-21,21,2,February,1,2022,8,Monday,False
418,2022-02-22,22,2,February,1,2022,8,Tuesday,False
419,2022-02-23,23,2,February,1,2022,8,Wednesday,False
420,2022-02-24,24,2,February,1,2022,8,Thursday,False
421,2022-02-25,25,2,February,1,2022,8,Friday,False
422,2022-02-26,26,2,February,1,2022,8,Saturday,True
423,2022-02-27,27,2,February,1,2022,8,Sunday,True
424,2022-02-28,28,2,February,1,2022,9,Monday,False
425,2022-03-01,1,3,March,1,2022,9,Tuesday,False
426,2022-03-02,2,3,March,1,2022,9,Wednesday,False
427,2022-03-03,3,3,March,1,2022,9,Thursday,False
428,2022-03-04,4,3,March,1,2022,9,Friday,False
429,2022-03-05,5,3,March,1,2022,9,Saturday,True
430,2022-03-06,6,3,March,1,2022,9,Sunday,True
431,2022-03-07,7,3,March,1,2022,10,Monday,False
432,2022-03-08,8,3,March,1,2022,10,Tuesday,False
433,2022-03-09,9,3,March,1,2022,10,Wednesday,False
434,2022-03-10,10,3,March,1,2022,10,Thursday,False
435,2022-03-11,11,3,March,1,2022,10,Friday,False
436,2022-03-12,12,3,March,1,2022,10,Saturday,True
437,2022-03-13,13,3,March,1,2022,10,Sunday,True
438,2022-03-14,14,3,March,1,2022,11,Monday,False
439,2022-03-15,15,3,March,1,2022,11,Tuesday,False
440,2022-03-16,16,3,March,1,2022,11,Wednesday,False
441,2022-03-17,17,3,March,1,2022,11,Thursday,False
442,2022-03-18,18,3,March,1,2022,11,Friday,False
443,2022-03-19,19,3,March,1,2022,11,Saturday,True
444,2022-03-20,20,3,March,1,2022,11,Sunday,True
445,2022-03-21,21,3,March,1,2022,12,Monday,False
446,2022-03-22,22,3,March,1,2022,12,Tuesday,False
447,2022-03-23,23,3,March,1,2022,12,Wednesday,False
448,2022-03-24,24,3,March,1,2022,12,Thursday,False
449,2022-03-25,25,3,March,1,2022,12,Friday,False
450,2022-03-26,26,3,March,1,2022,12,Saturday,True
451,2022-03-27,27,3,March,1,2022,12,Sunday,True
452,2022-03-28,28,3,March,1,2022,13,Monday,False
453,2022-03-29,29,3,March,1,2022,13,Tuesday,False
454,2022-03-30,30,3,March,1,2022,13,Wednesday,False
455,2022-03-31,31,3,March,1,2022,13,Thursday,False
456,2022-04-01,1,4,April,2,2022,13,Friday,False
457,2022-04-02,2,4,April,2,2022,13,Saturday,True
458,2022-04-03,3,4,April,2,2022,13,Sunday,True
459,2022-04-04,4,4,April,2,2022,14,Monday,False
460,2022-04-05,5,4,April,2,2022,14,Tuesday,False
461,2022-04-06,6,4,April,2,2022,14,Wednesday,False
462,2022-04-07,7,4,April,2,2022,14,Thursday,False
463,2022-04-08,8,4,April,2,2022,14,Friday,False
464,2022-04-09,9,4,April,2,2022,14,Saturday,True
465,2022-04-10,10,4,April,2,2022,14,Sunday,True
466,2022-04-11,11,4,April,2,2022,15,Monday,False
467,2022-04-12,12,4,April,2,2022,15,Tuesday,False
468,2022-04-13,13,4,April,2,2022,15,Wednesday,False
469,2022-04-14,14,4,April,2,2022,15,Thursday,False
470,2022-04-15,15,4,April,2,2022,15,Friday,False
471,2022-04-16,16,4,April,2,2022,15,Saturday,True
472,2022-04-17,17,4,April,2,2022,15,Sunday,True
473,2022-04-18,18,4,April,2,2022,16,Monday,False
474,2022-04-19,19,4,April,2,2022,16,Tuesday,False
475,2022-04-20,20,4,April,2,2022,16,Wednesday,False
476,2022-04-21,21,4,April,2,2022,16,Thursday,False
477,2022-04-22,22,4,April,2,2022,16,Friday,False
478,2022-04-23,23,4,April,2,2022,16,Saturday,True
479,2022-04-24,24,4,April,2,2022,16,Sunday,True
480,2022-04-25,25,4,April,2,2022,17,Monday,False
481,2022-04-26,26,4,April,2,2022,17,Tuesday,False
482,2022-04-27,27,4,April,2,2022,17,Wednesday,False
483,2022-04-28,28,4,April,2,2022,17,Thursday,False
484,2022-04-29,29,4,April,2,2022,17,Friday,False
485,2022-04-30,30,4,April,2,2022,17,Saturday,True
486,2022-05-01,1,5,May,2,2022,17,Sunday,True
487,2022-05-02,2,5,May,2,2022,18,Monday,False
488,2022-05-03,3,5,May,2,2022,18,Tuesday,False
489,2022-05-04,4,5,May,2,2022,18,Wednesday,False
490,2022-05-05,5,5,May,2,2022,18,Thursday,False
491,2022-05-06,6,5,May,2,2022,18,Friday,False
492,2022-05-07,7,5,May,2,2022,18,Saturday,True
493,2022-05-08,8,5,May,2,2022,18,Sunday,True
494,2022-05-09,9,5,May,2,2022,19,Monday,False
495,2022-05-10,10,5,May,2,2022,19,Tuesday,False
496,2022-05-11,11,5,May,2,2022,19,Wednesday,False
497,2022-05-12,12,5,May,2,2022,19,Thursday,False
498,2022-05-13,13,5,May,2,2022,19,Friday,False
499,2022-05-14,14,5,May,2,2022,19,Saturday,True
500,2022-05-15,15,5,May,2,2022,19,Sunday,True
501,2022-05-16,16,5,May,2,2022,20,Monday,False
502,2022-05-17,17,5,May,2,2022,20,Tuesday,False
503,2022-05-18,18,5,May,2,2022,20,Wednesday,False
504,2022-05-19,19,5,May,2,2022,20,Thursday,False
505,2022-05-20,20,5,May,2,2022,20,Friday,False
506,2022-05-21,21,5,May,2,2022,20,Saturday,True
507,2022-05-22,22,5,May,2,2022,20,Sunday,True
508,2022-05-23,23,5,May,2,2022,21,Monday,False
509,2022-05-24,24,5,May,2,2022,21,Tuesday,False
510,2022-05-25,25,5,May,2,2022,21,Wednesday,False
511,2022-05-26,26,5,May,2,2022,21,Thursday,False
512,2022-05-27,27,5,May,2,2022,21,Friday,False
513,2022-05-28,28,5,May,2,2022,21,Saturday,True
514,2022-05-29,29,5,May,2,2022,21,Sunday,True
515,2022-05-30,30,5,May,2,2022,22,Monday,False
516,2022-05-31,31,5,May,2,2022,22,Tuesday,False
517,2022-06-01,1,6,June,2,2022,22,Wednesday,False
518,2022-06-02,2,6,June,2,2022,22,Thursday,False
519,2022-06-03,3,6,June,2,2022,22,Friday,False
520,2022-06-04,4,6,June,2,2022,22,Saturday,True
521,2022-06-05,5,6,June,2,2022,22,Sunday,True
522,2022-06-06,6,6,June,2,2022,23,Monday,False
523,2022-06-07,7,6,June,2,2022,23,Tuesday,False
524,2022-06-08,8,6,June,2,2022,23,Wednesday,False
525,2022-06-09,9,6,June,2,2022,23,Thursday,False
526,2022-06-10,10,6,June,2,2022,23,Friday,False
527,2022-06-11,11,6,June,2,2022,23,Saturday,True
528,2022-06-12,12,6,June,2,2022,23,Sunday,True
529,2022-06-13,13,6,June,2,2022,24,Monday,False
530,2022-06-14,14,6,June,2,2022,24,Tuesday,False
531,2022-06-15,15,6,June,2,2022,24,Wednesday,False
532,2022-06-16,16,6,June,2,2022,24,Thursday,False
533,2022-06-17,17,6,June,2,2022,24,Friday,False
534,2022-06-18,18,6,June,2,2022,24,Saturday,True
535,2022-06-19,19,6,June,2,2022,24,Sunday,True
536,2022-06-20,20,6,June,2,2022,25,Monday,False
537,2022-06-21,21,6,June,2,2022,25,Tuesday,False
538,2022-06-22,22,6,June,2,2022,25,Wednesday,False
539,2022-06-23,23,6,June,2,2022,25,Thursday,False
540,2022-06-24,24,6,June,2,2022,25,Friday,False
541,2022-06-25,25,6,June,2,2022,25,Saturday,True
542,2022-06-26,26,6,June,2,2022,25,Sunday,True
543,2022-06-27,27,6,June,2,2022,26,Monday,False
544,2022-06-28,28,6,June,2,2022,26,Tuesday,False
545,2022-06-29,29,6,June,2,2022,26,Wednesday,False
546,2022-06-30,30,6,June,2,2022,26,Thursday,False
547,2022-07-01,1,7,July,3,2022,26,Friday,False
548,2022-07-02,2,7,July,3,2022,26,Saturday,True
549,2022-07-03,3,7,July,3,2022,26,Sunday,True
550,2022-07-04,4,7,July,3,2022,27,Monday,False
551,2022-07-05,5,7,July,3,2022,27,Tuesday,False
552,2022-07-06,6,7,July,3,2022,27,Wednesday,False
553,2022-07-07,7,7,July,3,2022,27,Thursday,False
554,2022-07-08,8,7,July,3,2022,27,Friday,False
555,2022-07-09,9,7,July,3,2022,27,Saturday,True
556,2022-07-10,10,7,July,3,2022,27,Sunday,True
557,2022-07-11,11,7,July,3,2022,28,Monday,False
558,2022-07-12,12,7,July,3,2022,28,Tuesday,False
559,2022-07-13,13,7,July,3,2022,28,Wednesday,False
560,2022-07-14,14,7,July,3,2022,28,Thursday,False
561,2022-07-15,15,7,July,3,2022,28,Friday,False
562,2022-07-16,16,7,July,3,2022,28,Saturday,True
563,2022-07-17,17,7,July,3,2022,28,Sunday,True
564,2022-07-18,18,7,July,3,2022,29,Monday,False
565,2022-07-19,19,7,July,3,2022,29,Tuesday,False
566,2022-07-20,20,7,July,3,2022,29,Wednesday,False
567,2022-07-21,21,7,July,3,2022,29,Thursday,False
568,2022-07-22,22,7,July,3,2022,29,Friday,False
569,2022-07-23,23,7,July,3,2022,29,Saturday,True
570,2022-07-24,24,7,July,3,2022,29,Sunday,True
571,2022-07-25,25,7,July,3,2022,30,Monday,False
572,2022-07-26,26,7,July,3,2022,30,Tuesday,False
573,2022-07-27,27,7,July,3,2022,30,Wednesday,False
574,2022-07-28,28,7,July,3,2022,30,Thursday,False
575,2022-07-29,29,7,July,3,2022,30,Friday,False
576,2022-07-30,30,7,July,3,2022,30,Saturday,True
577,2022-07-31,31,7,July,3,2022,30,Sunday,True
578,2022-08-01,1,8,August,3,2022,31,Monday,False
579,2022-08-02,2,8,August,3,2022,31,Tuesday,False
580,2022-08-03,3,8,August,3,2022,31,Wednesday,False
581,2022-08-04,4,8,August,3,2022,31,Thursday,False
582,2022-08-05,5,8,August,3,2022,31,Friday,False
583,2022-08-06,6,8,August,3,2022,31,Saturday,True
584,2022-08-07,7,8,August,3,2022,31,Sunday,True
585,2022-08-08,8,8,August,3,2022,32,Monday,False
586,2022-08-09,9,8,August,3,2022,32,Tuesday,False
587,2022-08-10,10,8,August,3,2022,32,Wednesday,False
588,2022-08-11,11,8,August,3,2022,32,Thursday,False
589,2022-08-12,12,8,August,3,2022,32,Friday,False
590,2022-08-13,13,8,August,3,2022,32,Saturday,True
591,2022-08-14,14,8,August,3,2022,32,Sunday,True
592,2022-08-15,15,8,August,3,2022,33,Monday,False
593,2022-08-16,16,8,August,3,2022,33,Tuesday,False
594,2022-08-17,17,8,August,3,2022,33,Wednesday,False
595,2022-08-18,18,8,August,3,2022,33,Thursday,False
596,2022-08-19,19,8,August,3,2022,33,Friday,False
597,2022-08-20,20,8,August,3,2022,33,Saturday,True
598,2022-08-21,21,8,August,3,2022,33,Sunday,True
599,2022-08-22,22,8,August,3,2022,34,Monday,False
600,2022-08-23,23,8,August,3,2022,34,Tuesday,False
601,2022-08-24,24,8,August,3,2022,34,Wednesday,False
602,2022-08-25,25,8,August,3,2022,34,Thursday,False
603,2022-08-26,26,8,August,3,2022,34,Friday,False
604,2022-08-27,27,8,August,3,2022,34,Saturday,True
605,2022-08-28,28,8,August,3,2022,34,Sunday,True
606,2022-08-29,29,8,August,3,2022,35,Monday,False
607,2022-08-30,30,8,August,3,2022,35,Tuesday,False
608,2022-08-31,31,8,August,3,2022,35,Wednesday,False
609,2022-09-01,1,9,September,3,2022,35,Thursday,False
610,2022-09-02,2,9,September,3,2022,35,Friday,False
611,2022-09-03,3,9,September,3,2022,35,Saturday,True
612,2022-09-04,4,9,September,3,2022,35,Sunday,True
613,2022-09-05,5,9,September,3,2022,36,Monday,False
614,2022-09-06,6,9,September,3,2022,36,Tuesday,False
615,2022-09-07,7,9,September,3,2022,36,Wednesday,False
616,2022-09-08,8,9,September,3,2022,36,Thursday,False
617,2022-09-09,9,9,September,3,2022,36,Friday,False
618,2022-09-10,10,9,September,3,2022,36,Saturday,True
619,2022-09-11,11,9,September,3,2022,36,Sunday,True
620,2022-09-12,12,9,September,3,2022,37,Monday,False
621,2022-09-13,13,9,September,3,2022,37,Tuesday,False
622,2022-09-14,14,9,September,3,2022,37,Wednesday,False
623,2022-09-15,15,9,September,3,2022,37,Thursday,False
624,2022-09-16,16,9,September,3,2022,37,Friday,False
625,2022-09-17,17,9,September,3,2022,37,Saturday,True
626,2022-09-18,18,9,September,3,2022,37,Sunday,True
627,2022-09-19,19,9,September,3,2022,38,Monday,False
628,2022-09-20,20,9,September,3,2022,38,Tuesday,False
629,2022-09-21,21,9,September,3,2022,38,Wednesday,False
630,2022-09-22,22,9,September,3,2022,38,Thursday,False
631,2022-09-23,23,9,September,3,2022,38,Friday,False
632,2022-09-24,24,9,September,3,2022,38,Saturday,True
633,2022-09-25,25,9,September,3,2022,38,Sunday,True
634,2022-09-26,26,9,September,3,2022,39,Monday,False
635,2022-09-27,27,9,September,3,2022,39,Tuesday,False
636,2022-09-28,28,9,September,3,2022,39,Wednesday,False
637,2022-09-29,29,9,September,3,2022,39,Thursday,False
638,2022-09-30,30,9,September,3,2022,39,Friday,False
639,2022-10-01,1,10,October,4,2022,39,Saturday,True
640,2022-10-02,2,10,October,4,2022,39,Sunday,True
641,2022-10-03,3,10,October,4,2022,40,Monday,False
642,2022-10-04,4,10,October,4,2022,40,Tuesday,False
643,2022-10-05,5,10,October,4,2022,40,Wednesday,False
644,2022-10-06,6,10,October,4,2022,40,Thursday,False
645,2022-10-07,7,10,October,4,2022,40,Friday,False
646,2022-10-08,8,10,October,4,2022,40,Saturday,True
647,2022-10-09,9,10,October,4,2022,40,Sunday,True
648,2022-10-10,10,10,October,4,2022,41,Monday,False
649,2022-10-11,11,10,October,4,2022,41,Tuesday,False
650,2022-10-12,12,10,October,4,2022,41,Wednesday,False
651,2022-10-13,13,10,October,4,2022,41,Thursday,False
652,2022-10-14,14,10,October,4,2022,41,Friday,False
653,2022-10-15,15,10,October,4,2022,41,Saturday,True
654,2022-10-16,16,10,October,4,2022,41,Sunday,True
655,2022-10-17,17,10,October,4,2022,42,Monday,False
656,2022-10-18,18,10,October,4,2022,42,Tuesday,False
657,2022-10-19,19,10,October,4,2022,42,Wednesday,False
658,2022-10-20,20,10,October,4,2022,42,Thursday,False
659,2022-10-21,21,10,October,4,2022,42,Friday,False
660,2022-10-22,22,10,October,4,2022,42,Saturday,True
661,2022-10-23,23,10,October,4,2022,42,Sunday,True
662,2022-10-24,24,10,October,4,2022,43,Monday,False
663,2022-10-25,25,10,October,4,2022,43,Tuesday,False
664,2022-10-26,26,10,October,4,2022,43,Wednesday,False
665,2022-10-27,27,10,October,4,2022,43,Thursday,False
666,2022-10-28,28,10,October,4,2022,43,Friday,False
667,2022-10-29,29,10,October,4,2022,43,Saturday,True
668,2022-10-30,30,10,October,4,2022,43,Sunday,True
669,2022-10-31,31,10,October,4,2022,44,Monday,False
670,2022-11-01,1,11,November,4,2022,44,Tuesday,False
671,2022-11-02,2,11,November,4,2022,44,Wednesday,False
672,2022-11-03,3,11,November,4,2022,44,Thursday,False
673,2022-11-04,4,11,November,4,2022,44,Friday,False
674,2022-11-05,5,11,November,4,2022,44,Saturday,True
675,2022-11-06,6,11,November,4,2022,44,Sunday,True
676,2022-11-07,7,11,November,4,2022,45,Monday,False
677,2022-11-08,8,11,November,4,2022,45,Tuesday,False
678,2022-11-09,9,11,November,4,2022,45,Wednesday,False
679,2022-11-10,10,11,November,4,2022,45,Thursday,False
680,2022-11-11,11,11,November,4,2022,45,Friday,False
681,2022-11-12,12,11,November,4,2022,45,Saturday,True
682,2022-11-13,13,11,November,4,2022,45,Sunday,True
683,2022-11-14,14,11,November,4,2022,46,Monday,False
684,2022-11-15,15,11,November,4,2022,46,Tuesday,False
685,2022-11-16,16,11,November,4,2022,46,Wednesday,False
686,2022-11-17,17,11,November,4,2022,46,Thursday,False
687,2022-11-18,18,11,November,4,2022,46,Friday,False
688,2022-11-19,19,11,November,4,2022,46,Saturday,True
689,2022-11-20,20,11,November,4,2022,46,Sunday,True
690,2022-11-21,21,11,November,4,2022,47,Monday,False
691,2022-11-22,22,11,November,4,2022,47,Tuesday,False
692,2022-11-23,23,11,November,4,2022,47,Wednesday,False
693,2022-11-24,24,11,November,4,2022,47,Thursday,False
694,2022-11-25,25,11,November,4,2022,47,Friday,False
695,2022-11-26,26,11,November,4,2022,47,Saturday,True
696,2022-11-27,27,11,November,4,2022,47,Sunday,True
697,2022-11-28,28,11,November,4,2022,48,Monday,False
698,2022-11-29,29,11,November,4,2022,48,Tuesday,False
699,2022-11-30,30,11,November,4,2022,48,Wednesday,False
700,2022-12-01,1,12,December,4,2022,48,Thursday,False
701,2022-12-02,2,12,December,4,2022,48,Friday,False
702,2022-12-03,3,12,December,4,2022,48,Saturday,True
703,2022-12-04,4,12,December,4,2022,48,Sunday,True
704,2022-12-05,5,12,December,4,2022,49,Monday,False
705,2022-12-06,6,12,December,4,2022,49,Tuesday,False
706,2022-12-07,7,12,December,4,2022,49,Wednesday,False
707,2022-12-08,8,12,December,4,2022,49,Thursday,False
708,2022-12-09,9,12,December,4,2022,49,Friday,False
709,2022-12-10,10,12,December,4,2022,49,Saturday,True
710,2022-12-11,11,12,December,4,2022,49,Sunday,True
711,2022-12-12,12,12,December,4,2022,50,Monday,False
712,2022-12-13,13,12,December,4,2022,50,Tuesday,False
713,2022-12-14,14,12,December,4,2022,50,Wednesday,False
714,2022-12-15,15,12,December,4,2022,50,Thursday,False
715,2022-12-16,16,12,December,4,2022,50,Friday,False
716,2022-12-17,17,12,December,4,2022,50,Saturday,True
717,2022-12-18,18,12,December,4,2022,50,Sunday,True
718,2022-12-19,19,12,December,4,2022,51,Monday,False
719,2022-12-20,20,12,December,4,2022,51,Tuesday,False
720,2022-12-21,21,12,December,4,2022,51,Wednesday,False
721,2022-12-22,22,12,December,4,2022,51,Thursday,False
722,2022-12-23,23,12,December,4,2022,51,Friday,False
723,2022-12-24,24,12,December,4,2022,51,Saturday,True
724,2022-12-25,25,12,December,4,2022,51,Sunday,True
725,2022-12-26,26,12,December,4,2022,52,Monday,False
726,2022-12-27,27,12,December,4,2022,52,Tuesday,False
727,2022-12-28,28,12,December,4,2022,52,Wednesday,False
728,2022-12-29,29,12,December,4,2022,52,Thursday,False
729,2022-12-30,30,12,December,4,2022,52,Friday,False
730,2022-12-31,31,12,December,4,2022,52,Saturday,True
731,2023-01-01,1,1,January,1,2023,52,Sunday,True
732,2023-01-02,2,1,January,1,2023,1,Monday,False
733,2023-01-03,3,1,January,1,2023,1,Tuesday,False
734,2023-01-04,4,1,January,1,2023,1,Wednesday,False
735,2023-01-05,5,1,January,1,2023,1,Thursday,False
736,2023-01-06,6,1,January,1,2023,1,Friday,False
737,2023-01-07,7,1,January,1,2023,1,Saturday,True
738,2023-01-08,8,1,January,1,2023,1,Sunday,True
739,2023-01-09,9,1,January,1,2023,2,Monday,False
740,2023-01-10,10,1,January,1,2023,2,Tuesday,False
741,2023-01-11,11,1,January,1,2023,2,Wednesday,False
742,2023-01-12,12,1,January,1,2023,2,Thursday,False
743,2023-01-13,13,1,January,1,2023,2,Friday,False
744,2023-01-14,14,1,January,1,2023,2,Saturday,True
745,2023-01-15,15,1,January,1,2023,2,Sunday,True
746,2023-01-16,16,1,January,1,2023,3,Monday,False
747,2023-01-17,17,1,January,1,2023,3,Tuesday,False
748,2023-01-18,18,1,January,1,2023,3,Wednesday,False
749,2023-01-19,19,1,January,1,2023,3,Thursday,False
750,2023-01-20,20,1,January,1,2023,3,Friday,False
751,2023-01-21,21,1,January,1,2023,3,Saturday,True
752,2023-01-22,22,1,January,1,2023,3,Sunday,True
753,2023-01-23,23,1,January,1,2023,4,Monday,False
754,2023-01-24,24,1,January,1,2023,4,Tuesday,False
755,2023-01-25,25,1,January,1,2023,4,Wednesday,False
756,2023-01-26,26,1,January,1,2023,4,Thursday,False
757,2023-01-27,27,1,January,1,2023,4,Friday,False
758,2023-01-28,28,1,January,1,2023,4,Saturday,True
759,2023-01-29,29,1,January,1,2023,4,Sunday,True
760,2023-01-30,30,1,January,1,2023,5,Monday,False
761,2023-01-31,31,1,January,1,2023,5,Tuesday,False
762,2023-02-01,1,2,February,1,2023,5,Wednesday,False
763,2023-02-02,2,2,February,1,2023,5,Thursday,False
764,2023-02-03,3,2,February,1,2023,5,Friday,False
765,2023-02-04,4,2,February,1,2023,5,Saturday,True
766,2023-02-05,5,2,February,1,2023,5,Sunday,True
767,2023-02-06,6,2,February,1,2023,6,Monday,False
768,2023-02-07,7,2,February,1,2023,6,Tuesday,False
769,2023-02-08,8,2,February,1,2023,6,Wednesday,False
770,2023-02-09,9,2,February,1,2023,6,Thursday,False
771,2023-02-10,10,2,February,1,2023,6,Friday,False
772,2023-02-11,11,2,February,1,2023,6,Saturday,True
773,2023-02-12,12,2,February,1,2023,6,Sunday,True
774,2023-02-13,13,2,February,1,2023,7,Monday,False
775,2023-02-14,14,2,February,1,2023,7,Tuesday,False
776,2023-02-15,15,2,February,1,2023,7,Wednesday,False
777,2023-02-16,16,2,February,1,2023,7,Thursday,False
778,2023-02-17,17,2,February,1,2023,7,Friday,False
779,2023-02-18,18,2,February,1,2023,7,Saturday,True
780,2023-02-19,19,2,February,1,2023,7,Sunday,True
781,2023-02-20,20,2,February,1,2023,8,Monday,False
782,2023-02-21,21,2,February,1,2023,8,Tuesday,False
783,2023-02-22,22,2,February,1,2023,8,Wednesday,False
784,2023-02-23,23,2,February,1,2023,8,Thursday,False
785,2023-02-24,24,2,February,1,2023,8,Friday,False
786,2023-02-25,25,2,February,1,2023,8,Saturday,True
787,2023-02-26,26,2,February,1,2023,8,Sunday,True
788,2023-02-27,27,2,February,1,2023,9,Monday,False
789,2023-02-28,28,2,February,1,2023,9,Tuesday,False
790,2023-03-01,1,3,March,1,2023,9,Wednesday,False
791,2023-03-02,2,3,March,1,2023,9,Thursday,False
792,2023-03-03,3,3,March,1,2023,9,Friday,False
793,2023-03-04,4,3,March,1,2023,9,Saturday,True
794,2023-03-05,5,3,March,1,2023,9,Sunday,True
795,2023-03-06,6,3,March,1,2023,10,Monday,False
796,2023-03-07,7,3,March,1,2023,10,Tuesday,False
797,2023-03-08,8,3,March,1,2023,10,Wednesday,False
798,2023-03-09,9,3,March,1,2023,10,Thursday,False
799,2023-03-10,10,3,March,1,2023,10,Friday,False
800,2023-03-11,11,3,March,1,2023,10,Saturday,True
801,2023-03-12,12,3,March,1,2023,10,Sunday,True
802,2023-03-13,13,3,March,1,2023,11,Monday,False
803,2023-03-14,14,3,March,1,2023,11,Tuesday,False
804,2023-03-15,15,3,March,1,2023,11,Wednesday,False
805,2023-03-16,16,3,March,1,2023,11,Thursday,False
806,2023-03-17,17,3,March,1,2023,11,Friday,False
807,2023-03-18,18,3,March,1,2023,11,Saturday,True
808,2023-03-19,19,3,March,1,2023,11,Sunday,True
809,2023-03-20,20,3,March,1,2023,12,Monday,False
810,2023-03-21,21,3,March,1,2023,12,Tuesday,False
811,2023-03-22,22,3,March,1,2023,12,Wednesday,False
812,2023-03-23,23,3,March,1,2023,12,Thursday,False
813,2023-03-24,24,3,March,1,2023,12,Friday,False
814,2023-03-25,25,3,March,1,2023,12,Saturday,True
815,2023-03-26,26,3,March,1,2023,12,Sunday,True
816,2023-03-27,27,3,March,1,2023,13,Monday,False
817,2023-03-28,28,3,March,1,2023,13,Tuesday,False
818,2023-03-29,29,3,March,1,2023,13,Wednesday,False
819,2023-03-30,30,3,March,1,2023,13,Thursday,False
820,2023-03-31,31,3,March,1,2023,13,Friday,False
821,2023-04-01,1,4,April,2,2023,13,Saturday,True
822,2023-04-02,2,4,April,2,2023,13,Sunday,True
823,2023-04-03,3,4,April,2,2023,14,Monday,False
824,2023-04-04,4,4,April,2,2023,14,Tuesday,False
825,2023-04-05,5,4,April,2,2023,14,Wednesday,False
826,2023-04-06,6,4,April,2,2023,14,Thursday,False
827,2023-04-07,7,4,April,2,2023,14,Friday,False
828,2023-04-08,8,4,April,2,2023,14,Saturday,True
829,2023-04-09,9,4,April,2,2023,14,Sunday,True
830,2023-04-10,10,4,April,2,2023,15,Monday,False
831,2023-04-11,11,4,April,2,2023,15,Tuesday,False
832,2023-04-12,12,4,April,2,2023,15,Wednesday,False
833,2023-04-13,13,4,April,2,2023,15,Thursday,False
834,2023-04-14,14,4,April,2,2023,15,Friday,False
835,2023-04-15,15,4,April,2,2023,15,Saturday,True
836,2023-04-16,16,4,April,2,2023,15,Sunday,True
837,2023-04-17,17,4,April,2,2023,16,Monday,False
838,2023-04-18,18,4,April,2,2023,16,Tuesday,False
839,2023-04-19,19,4,April,2,2023,16,Wednesday,False
840,2023-04-20,20,4,April,2,2023,16,Thursday,False
841,2023-04-21,21,4,April,2,2023,16,Friday,False
842,2023-04-22,22,4,April,2,2023,16,Saturday,True
843,2023-04-23,23,4,April,2,2023,16,Sunday,True
844,2023-04-24,24,4,April,2,2023,17,Monday,False
845,2023-04-25,25,4,April,2,2023,17,Tuesday,False
846,2023-04-26,26,4,April,2,2023,17,Wednesday,False
847,2023-04-27,27,4,April,2,2023,17,Thursday,False
848,2023-04-28,28,4,April,2,2023,17,Friday,False
849,2023-04-29,29,4,April,2,2023,17,Saturday,True
850,2023-04-30,30,4,April,2,2023,17,Sunday,True
851,2023-05-01,1,5,May,2,2023,18,Monday,False
852,2023-05-02,2,5,May,2,2023,18,Tuesday,False
853,2023-05-03,3,5,May,2,2023,18,Wednesday,False
854,2023-05-04,4,5,May,2,2023,18,Thursday,False
855,2023-05-05,5,5,May,2,2023,18,Friday,False
856,2023-05-06,6,5,May,2,2023,18,Saturday,True
857,2023-05-07,7,5,May,2,2023,18,Sunday,True
858,2023-05-08,8,5,May,2,2023,19,Monday,False
859,2023-05-09,9,5,May,2,2023,19,Tuesday,False
860,2023-05-10,10,5,May,2,2023,19,Wednesday,False
861,2023-05-11,11,5,May,2,2023,19,Thursday,False
862,2023-05-12,12,5,May,2,2023,19,Friday,False
863,2023-05-13,13,5,May,2,2023,19,Saturday,True
864,2023-05-14,14,5,May,2,2023,19,Sunday,True
865,2023-05-15,15,5,May,2,2023,20,Monday,False
866,2023-05-16,16,5,May,2,2023,20,Tuesday,False
867,2023-05-17,17,5,May,2,2023,20,Wednesday,False
868,2023-05-18,18,5,May,2,2023,20,Thursday,False
869,2023-05-19,19,5,May,2,2023,20,Friday,False
870,2023-05-20,20,5,May,2,2023,20,Saturday,True
871,2023-05-21,21,5,May,2,2023,20,Sunday,True
872,2023-05-22,22,5,May,2,2023,21,Monday,False
873,2023-05-23,23,5,May,2,2023,21,Tuesday,False
874,2023-05-24,24,5,May,2,2023,21,Wednesday,False
875,2023-05-25,25,5,May,2,2023,21,Thursday,False
876,2023-05-26,26,5,May,2,2023,21,Friday,False
877,2023-05-27,27,5,May,2,2023,21,Saturday,True
878,2023-05-28,28,5,May,2,2023,21,Sunday,True
879,2023-05-29,29,5,May,2,2023,22,Monday,False
880,2023-05-30,30,5,May,2,2023,22,Tuesday,False
881,2023-05-31,31,5,May,2,2023,22,Wednesday,False
882,2023-06-01,1,6,June,2,2023,22,Thursday,False
883,2023-06-02,2,6,June,2,2023,22,Friday,False
884,2023-06-03,3,6,June,2,2023,22,Saturday,True
885,2023-06-04,4,6,June,2,2023,22,Sunday,True
886,2023-06-05,5,6,June,2,2023,23,Monday,False
887,2023-06-06,6,6,June,2,2023,23,Tuesday,False
888,2023-06-07,7,6,June,2,2023,23,Wednesday,False
889,2023-06-08,8,6,June,2,2023,23,Thursday,False
890,2023-06-09,9,6,June,2,2023,23,Friday,False
891,2023-06-10,10,6,June,2,2023,23,Saturday,True
892,2023-06-11,11,6,June,2,2023,23,Sunday,True
893,2023-06-12,12,6,June,2,2023,24,Monday,False
894,2023-06-13,13,6,June,2,2023,24,Tuesday,False
895,2023-06-14,14,6,June,2,2023,24,Wednesday,False
896,2023-06-15,15,6,June,2,2023,24,Thursday,False
897,2023-06-16,16,6,June,2,2023,24,Friday,False
898,2023-06-17,17,6,June,2,2023,24,Saturday,True
899,2023-06-18,18,6,June,2,2023,24,Sunday,True
900,2023-06-19,19,6,June,2,2023,25,Monday,False
901,2023-06-20,20,6,June,2,2023,25,Tuesday,False
902,2023-06-21,21,6,June,2,2023,25,Wednesday,False
903,2023-06-22,22,6,June,2,2023,25,Thursday,False
904,2023-06-23,23,6,June,2,2023,25,Friday,False
905,2023-06-24,24,6,June,2,2023,25,Saturday,True
906,2023-06-25,25,6,June,2,2023,25,Sunday,True
907,2023-06-26,26,6,June,2,2023,26,Monday,False
908,2023-06-27,27,6,June,2,2023,26,Tuesday,False
909,2023-06-28,28,6,June,2,2023,26,Wednesday,False
910,2023-06-29,29,6,June,2,2023,26,Thursday,False
911,2023-06-30,30,6,June,2,2023,26,Friday,False
912,2023-07-01,1,7,July,3,2023,26,Saturday,True
913,2023-07-02,2,7,July,3,2023,26,Sunday,True
914,2023-07-03,3,7,July,3,2023,27,Monday,False
915,2023-07-04,4,7,July,3,2023,27,Tuesday,False
916,2023-07-05,5,7,July,3,2023,27,Wednesday,False
917,2023-07-06,6,7,July,3,2023,27,Thursday,False
918,2023-07-07,7,7,July,3,2023,27,Friday,False
919,2023-07-08,8,7,July,3,2023,27,Saturday,True
920,2023-07-09,9,7,July,3,2023,27,Sunday,True
921,2023-07-10,10,7,July,3,2023,28,Monday,False
922,2023-07-11,11,7,July,3,2023,28,Tuesday,False
923,2023-07-12,12,7,July,3,2023,28,Wednesday,False
924,2023-07-13,13,7,July,3,2023,28,Thursday,False
925,2023-07-14,14,7,July,3,2023,28,Friday,False
926,2023-07-15,15,7,July,3,2023,28,Saturday,True
927,2023-07-16,16,7,July,3,2023,28,Sunday,True
928,2023-07-17,17,7,July,3,2023,29,Monday,False
929,2023-07-18,18,7,July,3,2023,29,Tuesday,False
930,2023-07-19,19,7,July,3,2023,29,Wednesday,False
931,2023-07-20,20,7,July,3,2023,29,Thursday,False
932,2023-07-21,21,7,July,3,2023,29,Friday,False
933,2023-07-22,22,7,July,3,2023,29,Saturday,True
934,2023-07-23,23,7,July,3,2023,29,Sunday,True
935,2023-07-24,24,7,July,3,2023,30,Monday,False
936,2023-07-25,25,7,July,3,2023,30,Tuesday,False
937,2023-07-26,26,7,July,3,2023,30,Wednesday,False
938,2023-07-27,27,7,July,3,2023,30,Thursday,False
939,2023-07-28,28,7,July,3,2023,30,Friday,False
940,2023-07-29,29,7,July,3,2023,30,Saturday,True
941,2023-07-30,30,7,July,3,2023,30,Sunday,True
942,2023-07-31,31,7,July,3,2023,31,Monday,False
943,2023-08-01,1,8,August,3,2023,31,Tuesday,False
944,2023-08-02,2,8,August,3,2023,31,Wednesday,False
945,2023-08-03,3,8,August,3,2023,31,Thursday,False
946,2023-08-04,4,8,August,3,2023,31,Friday,False
947,2023-08-05,5,8,August,3,2023,31,Saturday,True
948,2023-08-06,6,8,August,3,2023,31,Sunday,True
949,2023-08-07,7,8,August,3,2023,32,Monday,False
950,2023-08-08,8,8,August,3,2023,32,Tuesday,False
951,2023-08-09,9,8,August,3,2023,32,Wednesday,False
952,2023-08-10,10,8,August,3,2023,32,Thursday,False
953,2023-08-11,11,8,August,3,2023,32,Friday,False
954,2023-08-12,12,8,August,3,2023,32,Saturday,True
955,2023-08-13,13,8,August,3,2023,32,Sunday,True
956,2023-08-14,14,8,August,3,2023,33,Monday,False
957,2023-08-15,15,8,August,3,2023,33,Tuesday,False
958,2023-08-16,16,8,August,3,2023,33,Wednesday,False
959,2023-08-17,17,8,August,3,2023,33,Thursday,False
960,2023-08-18,18,8,August,3,2023,33,Friday,False
961,2023-08-19,19,8,August,3,2023,33,Saturday,True
962,2023-08-20,20,8,August,3,2023,33,Sunday,True
963,2023-08-21,21,8,August,3,2023,34,Monday,False
964,2023-08-22,22,8,August,3,2023,34,Tuesday,False
965,2023-08-23,23,8,August,3,2023,34,Wednesday,False
966,2023-08-24,24,8,August,3,2023,34,Thursday,False
967,2023-08-25,25,8,August,3,2023,34,Friday,False
968,2023-08-26,26,8,August,3,2023,34,Saturday,True
969,2023-08-27,27,8,August,3,2023,34,Sunday,True
970,2023-08-28,28,8,August,3,2023,35,Monday,False
971,2023-08-29,29,8,August,3,2023,35,Tuesday,False
972,2023-08-30,30,8,August,3,2023,35,Wednesday,False
973,2023-08-31,31,8,August,3,2023,35,Thursday,False
974,2023-09-01,1,9,September,3,2023,35,Friday,False
975,2023-09-02,2,9,September,3,2023,35,Saturday,True
976,2023-09-03,3,9,September,3,2023,35,Sunday,True
977,2023-09-04,4,9,September,3,2023,36,Monday,False
978,2023-09-05,5,9,September,3,2023,36,Tuesday,False
979,2023-09-06,6,9,September,3,2023,36,Wednesday,False
980,2023-09-07,7,9,September,3,2023,36,Thursday,False
981,2023-09-08,8,9,September,3,2023,36,Friday,False
982,2023-09-09,9,9,September,3,2023,36,Saturday,True
983,2023-09-10,10,9,September,3,2023,36,Sunday,True
984,2023-09-11,11,9,September,3,2023,37,Monday,False
985,2023-09-12,12,9,September,3,2023,37,Tuesday,False
986,2023-09-13,13,9,September,3,2023,37,Wednesday,False
987,2023-09-14,14,9,September,3,2023,37,Thursday,False
988,2023-09-15,15,9,September,3,2023,37,Friday,False
989,2023-09-16,16,9,September,3,2023,37,Saturday,True
990,2023-09-17,17,9,September,3,2023,37,Sunday,True
991,2023-09-18,18,9,September,3,2023,38,Monday,False
992,2023-09-19,19,9,September,3,2023,38,Tuesday,False
993,2023-09-20,20,9,September,3,2023,38,Wednesday,False
994,2023-09-21,21,9,September,3,2023,38,Thursday,False
995,2023-09-22,22,9,September,3,2023,38,Friday,False
996,2023-09-23,23,9,September,3,2023,38,Saturday,True
997,2023-09-24,24,9,September,3,2023,38,Sunday,True
998,2023-09-25,25,9,September,3,2023,39,Monday,False
999,2023-09-26,26,9,September,3,2023,39,Tuesday,False
1000,2023-09-27,27,9,September,3,2023,39,Wednesday,False
1001,2023-09-28,28,9,September,3,2023,39,Thursday,False
1002,2023-09-29,29,9,September,3,2023,39,Friday,False
1003,2023-09-30,30,9,September,3,2023,39,Saturday,True
1004,2023-10-01,1,10,October,4,2023,39,Sunday,True
1005,2023-10-02,2,10,October,4,2023,40,Monday,False
1006,2023-10-03,3,10,October,4,2023,40,Tuesday,False
1007,2023-10-04,4,10,October,4,2023,40,Wednesday,False
1008,2023-10-05,5,10,October,4,2023,40,Thursday,False
1009,2023-10-06,6,10,October,4,2023,40,Friday,False
1010,2023-10-07,7,10,October,4,2023,40,Saturday,True
1011,2023-10-08,8,10,October,4,2023,40,Sunday,True
1012,2023-10-09,9,10,October,4,2023,41,Monday,False
1013,2023-10-10,10,10,October,4,2023,41,Tuesday,False
1014,2023-10-11,11,10,October,4,2023,41,Wednesday,False
1015,2023-10-12,12,10,October,4,2023,41,Thursday,False
1016,2023-10-13,13,10,October,4,2023,41,Friday,False
1017,2023-10-14,14,10,October,4,2023,41,Saturday,True
1018,2023-10-15,15,10,October,4,2023,41,Sunday,True
1019,2023-10-16,16,10,October,4,2023,42,Monday,False
1020,2023-10-17,17,10,October,4,2023,42,Tuesday,False
1021,2023-10-18,18,10,October,4,2023,42,Wednesday,False
1022,2023-10-19,19,10,October,4,2023,42,Thursday,False
1023,2023-10-20,20,10,October,4,2023,42,Friday,False
1024,2023-10-21,21,10,October,4,2023,42,Saturday,True
1025,2023-10-22,22,10,October,4,2023,42,Sunday,True
1026,2023-10-23,23,10,October,4,2023,43,Monday,False
1027,2023-10-24,24,10,October,4,2023,43,Tuesday,False
1028,2023-10-25,25,10,October,4,2023,43,Wednesday,False
1029,2023-10-26,26,10,October,4,2023,43,Thursday,False
1030,2023-10-27,27,10,October,4,2023,43,Friday,False
1031,2023-10-28,28,10,October,4,2023,43,Saturday,True
1032,2023-10-29,29,10,October,4,2023,43,Sunday,True
1033,2023-10-30,30,10,October,4,2023,44,Monday,False
1034,2023-10-31,31,10,October,4,2023,44,Tuesday,False
1035,2023-11-01,1,11,November,4,2023,44,Wednesday,False
1036,2023-11-02,2,11,November,4,2023,44,Thursday,False
1037,2023-11-03,3,11,November,4,2023,44,Friday,False
1038,2023-11-04,4,11,November,4,2023,44,Saturday,True
1039,2023-11-05,5,11,November,4,2023,44,Sunday,True
1040,2023-11-06,6,11,November,4,2023,45,Monday,False
1041,2023-11-07,7,11,November,4,2023,45,Tuesday,False
1042,2023-11-08,8,11,November,4,2023,45,Wednesday,False
1043,2023-11-09,9,11,November,4,2023,45,Thursday,False
1044,2023-11-10,10,11,November,4,2023,45,Friday,False
1045,2023-11-11,11,11,November,4,2023,45,Saturday,True
1046,2023-11-12,12,11,November,4,2023,45,Sunday,True
1047,2023-11-13,13,11,November,4,2023,46,Monday,False
1048,2023-11-14,14,11,November,4,2023,46,Tuesday,False
1049,2023-11-15,15,11,November,4,2023,46,Wednesday,False
1050,2023-11-16,16,11,November,4,2023,46,Thursday,False
1051,2023-11-17,17,11,November,4,2023,46,Friday,False
1052,2023-11-18,18,11,November,4,2023,46,Saturday,True
1053,2023-11-19,19,11,November,4,2023,46,Sunday,True
1054,2023-11-20,20,11,November,4,2023,47,Monday,False
1055,2023-11-21,21,11,November,4,2023,47,Tuesday,False
1056,2023-11-22,22,11,November,4,2023,47,Wednesday,False
1057,2023-11-23,23,11,November,4,2023,47,Thursday,False
1058,2023-11-24,24,11,November,4,2023,47,Friday,False
1059,2023-11-25,25,11,November,4,2023,47,Saturday,True
1060,2023-11-26,26,11,November,4,2023,47,Sunday,True
1061,2023-11-27,27,11,November,4,2023,48,Monday,False
1062,2023-11-28,28,11,November,4,2023,48,Tuesday,False
1063,2023-11-29,29,11,November,4,2023,48,Wednesday,False
1064,2023-11-30,30,11,November,4,2023,48,Thursday,False
1065,2023-12-01,1,12,December,4,2023,48,Friday,False
1066,2023-12-02,2,12,December,4,2023,48,Saturday,True
1067,2023-12-03,3,12,December,4,2023,48,Sunday,True
1068,2023-12-04,4,12,December,4,2023,49,Monday,False
1069,2023-12-05,5,12,December,4,2023,49,Tuesday,False
1070,2023-12-06,6,12,December,4,2023,49,Wednesday,False
1071,2023-12-07,7,12,December,4,2023,49,Thursday,False
1072,2023-12-08,8,12,December,4,2023,49,Friday,False
1073,2023-12-09,9,12,December,4,2023,49,Saturday,True
1074,2023-12-10,10,12,December,4,2023,49,Sunday,True
1075,2023-12-11,11,12,December,4,2023,50,Monday,False
1076,2023-12-12,12,12,December,4,2023,50,Tuesday,False
1077,2023-12-13,13,12,December,4,2023,50,Wednesday,False
1078,2023-12-14,14,12,December,4,2023,50,Thursday,False
1079,2023-12-15,15,12,December,4,2023,50,Friday,False
1080,2023-12-16,16,12,December,4,2023,50,Saturday,True
1081,2023-12-17,17,12,December,4,2023,50,Sunday,True
1082,2023-12-18,18,12,December,4,2023,51,Monday,False
1083,2023-12-19,19,12,December,4,2023,51,Tuesday,False
1084,2023-12-20,20,12,December,4,2023,51,Wednesday,False
1085,2023-12-21,21,12,December,4,2023,51,Thursday,False
1086,2023-12-22,22,12,December,4,2023,51,Friday,False
1087,2023-12-23,23,12,December,4,2023,51,Saturday,True
1088,2023-12-24,24,12,December,4,2023,51,Sunday,True
1089,2023-12-25,25,12,December,4,2023,52,Monday,False
1090,2023-12-26,26,12,December,4,2023,52,Tuesday,False
1091,2023-12-27,27,12,December,4,2023,52,Wednesday,False
1092,2023-12-28,28,12,December,4,2023,52,Thursday,False
1093,2023-12-29,29,12,December,4,2023,52,Friday,False
1094,2023-12-30,30,12,December,4,2023,52,Saturday,True
1095,2023-12-31,31,12,December,4,2023,52,Sunday,True
1096,2024-01-01,1,1,January,1,2024,1,Monday,False
1097,2024-01-02,2,1,January,1,2024,1,Tuesday,False
1098,2024-01-03,3,1,January,1,2024,1,Wednesday,False
1099,2024-01-04,4,1,January,1,2024,1,Thursday,False
1100,2024-01-05,5,1,January,1,2024,1,Friday,False
1101,2024-01-06,6,1,January,1,2024,1,Saturday,True
1102,2024-01-07,7,1,January,1,2024,1,Sunday,True
1103,2024-01-08,8,1,January,1,2024,2,Monday,False
1104,2024-01-09,9,1,January,1,2024,2,Tuesday,False
1105,2024-01-10,10,1,January,1,2024,2,Wednesday,False
1106,2024-01-11,11,1,January,1,2024,2,Thursday,False
1107,2024-01-12,12,1,January,1,2024,2,Friday,False
1108,2024-01-13,13,1,January,1,2024,2,Saturday,True
1109,2024-01-14,14,1,January,1,2024,2,Sunday,True
1110,2024-01-15,15,1,January,1,2024,3,Monday,False
1111,2024-01-16,16,1,January,1,2024,3,Tuesday,False
1112,2024-01-17,17,1,January,1,2024,3,Wednesday,False
1113,2024-01-18,18,1,January,1,2024,3,Thursday,False
1114,2024-01-19,19,1,January,1,2024,3,Friday,False
1115,2024-01-20,20,1,January,1,2024,3,Saturday,True
1116,2024-01-21,21,1,January,1,2024,3,Sunday,True
1117,2024-01-22,22,1,January,1,2024,4,Monday,False
1118,2024-01-23,23,1,January,1,2024,4,Tuesday,False
1119,2024-01-24,24,1,January,1,2024,4,Wednesday,False
1120,2024-01-25,25,1,January,1,2024,4,Thursday,False
1121,2024-01-26,26,1,January,1,2024,4,Friday,False
1122,2024-01-27,27,1,January,1,2024,4,Saturday,True
1123,2024-01-28,28,1,January,1,2024,4,Sunday,True
1124,2024-01-29,29,1,January,1,2024,5,Monday,False
1125,2024-01-30,30,1,January,1,2024,5,Tuesday,False
1126,2024-01-31,31,1,January,1,2024,5,Wednesday,False
1127,2024-02-01,1,2,February,1,2024,5,Thursday,False
1128,2024-02-02,2,2,February,1,2024,5,Friday,False
1129,2024-02-03,3,2,February,1,2024,5,Saturday,True
1130,2024-02-04,4,2,February,1,2024,5,Sunday,True
1131,2024-02-05,5,2,February,1,2024,6,Monday,False
1132,2024-02-06,6,2,February,1,2024,6,Tuesday,False
1133,2024-02-07,7,2,February,1,2024,6,Wednesday,False
1134,2024-02-08,8,2,February,1,2024,6,Thursday,False
1135,2024-02-09,9,2,February,1,2024,6,Friday,False
1136,2024-02-10,10,2,February,1,2024,6,Saturday,True
1137,2024-02-11,11,2,February,1,2024,6,Sunday,True
1138,2024-02-12,12,2,February,1,2024,7,Monday,False
1139,2024-02-13,13,2,February,1,2024,7,Tuesday,False
1140,2024-02-14,14,2,February,1,2024,7,Wednesday,False
1141,2024-02-15,15,2,February,1,2024,7,Thursday,False
1142,2024-02-16,16,2,February,1,2024,7,Friday,False
1143,2024-02-17,17,2,February,1,2024,7,Saturday,True
1144,2024-02-18,18,2,February,1,2024,7,Sunday,True
1145,2024-02-19,19,2,February,1,2024,8,Monday,False
1146,2024-02-20,20,2,February,1,2024,8,Tuesday,False
1147,2024-02-21,21,2,February,1,2024,8,Wednesday,False
1148,2024-02-22,22,2,February,1,2024,8,Thursday,False
1149,2024-02-23,23,2,February,1,2024,8,Friday,False
1150,2024-02-24,24,2,February,1,2024,8,Saturday,True
1151,2024-02-25,25,2,February,1,2024,8,Sunday,True
1152,2024-02-26,26,2,February,1,2024,9,Monday,False
1153,2024-02-27,27,2,February,1,2024,9,Tuesday,False
1154,2024-02-28,28,2,February,1,2024,9,Wednesday,False
1155,2024-02-29,29,2,February,1,2024,9,Thursday,False
1156,2024-03-01,1,3,March,1,2024,9,Friday,False
1157,2024-03-02,2,3,March,1,2024,9,Saturday,True
1158,2024-03-03,3,3,March,1,2024,9,Sunday,True
1159,2024-03-04,4,3,March,1,2024,10,Monday,False
1160,2024-03-05,5,3,March,1,2024,10,Tuesday,False
1161,2024-03-06,6,3,March,1,2024,10,Wednesday,False
1162,2024-03-07,7,3,March,1,2024,10,Thursday,False
1163,2024-03-08,8,3,March,1,2024,10,Friday,False
1164,2024-03-09,9,3,March,1,2024,10,Saturday,True
1165,2024-03-10,10,3,March,1,2024,10,Sunday,True
1166,2024-03-11,11,3,March,1,2024,11,Monday,False
1167,2024-03-12,12,3,March,1,2024,11,Tuesday,False
1168,2024-03-13,13,3,March,1,2024,11,Wednesday,False
1169,2024-03-14,14,3,March,1,2024,11,Thursday,False
1170,2024-03-15,15,3,March,1,2024,11,Friday,False
1171,2024-03-16,16,3,March,1,2024,11,Saturday,True
1172,2024-03-17,17,3,March,1,2024,11,Sunday,True
1173,2024-03-18,18,3,March,1,2024,12,Monday,False
1174,2024-03-19,19,3,March,1,2024,12,Tuesday,False
1175,2024-03-20,20,3,March,1,2024,12,Wednesday,False
1176,2024-03-21,21,3,March,1,2024,12,Thursday,False
1177,2024-03-22,22,3,March,1,2024,12,Friday,False
1178,2024-03-23,23,3,March,1,2024,12,Saturday,True
1179,2024-03-24,24,3,March,1,2024,12,Sunday,True
1180,2024-03-25,25,3,March,1,2024,13,Monday,False
1181,2024-03-26,26,3,March,1,2024,13,Tuesday,False
1182,2024-03-27,27,3,March,1,2024,13,Wednesday,False
1183,2024-03-28,28,3,March,1,2024,13,Thursday,False
1184,2024-03-29,29,3,March,1,2024,13,Friday,False
1185,2024-03-30,30,3,March,1,2024,13,Saturday,True
1186,2024-03-31,31,3,March,1,2024,13,Sunday,True
1187,2024-04-01,1,4,April,2,2024,14,Monday,False
1188,2024-04-02,2,4,April,2,2024,14,Tuesday,False
1189,2024-04-03,3,4,April,2,2024,14,Wednesday,False
1190,2024-04-04,4,4,April,2,2024,14,Thursday,False
1191,2024-04-05,5,4,April,2,2024,14,Friday,False
1192,2024-04-06,6,4,April,2,2024,14,Saturday,True
1193,2024-04-07,7,4,April,2,2024,14,Sunday,True
1194,2024-04-08,8,4,April,2,2024,15,Monday,False
1195,2024-04-09,9,4,April,2,2024,15,Tuesday,False
1196,2024-04-10,10,4,April,2,2024,15,Wednesday,False
1197,2024-04-11,11,4,April,2,2024,15,Thursday,False
1198,2024-04-12,12,4,April,2,2024,15,Friday,False
1199,2024-04-13,13,4,April,2,2024,15,Saturday,True
1200,2024-04-14,14,4,April,2,2024,15,Sunday,True
1201,2024-04-15,15,4,April,2,2024,16,Monday,False
1202,2024-04-16,16,4,April,2,2024,16,Tuesday,False
1203,2024-04-17,17,4,April,2,2024,16,Wednesday,False
1204,2024-04-18,18,4,April,2,2024,16,Thursday,False
1205,2024-04-19,19,4,April,2,2024,16,Friday,False
1206,2024-04-20,20,4,April,2,2024,16,Saturday,True
1207,2024-04-21,21,4,April,2,2024,16,Sunday,True
1208,2024-04-22,22,4,April,2,2024,17,Monday,False
1209,2024-04-23,23,4,April,2,2024,17,Tuesday,False
1210,2024-04-24,24,4,April,2,2024,17,Wednesday,False
1211,2024-04-25,25,4,April,2,2024,17,Thursday,False
1212,2024-04-26,26,4,April,2,2024,17,Friday,False
1213,2024-04-27,27,4,April,2,2024,17,Saturday,True
1214,2024-04-28,28,4,April,2,2024,17,Sunday,True
1215,2024-04-29,29,4,April,2,2024,18,Monday,False
1216,2024-04-30,30,4,April,2,2024,18,Tuesday,False
1217,2024-05-01,1,5,May,2,2024,18,Wednesday,False
1218,2024-05-02,2,5,May,2,2024,18,Thursday,False
1219,2024-05-03,3,5,May,2,2024,18,Friday,False
1220,2024-05-04,4,5,May,2,2024,18,Saturday,True
1221,2024-05-05,5,5,May,2,2024,18,Sunday,True
1222,2024-05-06,6,5,May,2,2024,19,Monday,False
1223,2024-05-07,7,5,May,2,2024,19,Tuesday,False
1224,2024-05-08,8,5,May,2,2024,19,Wednesday,False
1225,2024-05-09,9,5,May,2,2024,19,Thursday,False
1226,2024-05-10,10,5,May,2,2024,19,Friday,False
1227,2024-05-11,11,5,May,2,2024,19,Saturday,True
1228,2024-05-12,12,5,May,2,2024,19,Sunday,True
1229,2024-05-13,13,5,May,2,2024,20,Monday,False
1230,2024-05-14,14,5,May,2,2024,20,Tuesday,False
1231,2024-05-15,15,5,May,2,2024,20,Wednesday,False
1232,2024-05-16,16,5,May,2,2024,20,Thursday,False
1233,2024-05-17,17,5,May,2,2024,20,Friday,False
1234,2024-05-18,18,5,May,2,2024,20,Saturday,True
1235,2024-05-19,19,5,May,2,2024,20,Sunday,True
1236,2024-05-20,20,5,May,2,2024,21,Monday,False
1237,2024-05-21,21,5,May,2,2024,21,Tuesday,False
1238,2024-05-22,22,5,May,2,2024,21,Wednesday,False
1239,2024-05-23,23,5,May,2,2024,21,Thursday,False
1240,2024-05-24,24,5,May,2,2024,21,Friday,False
1241,2024-05-25,25,5,May,2,2024,21,Saturday,True
1242,2024-05-26,26,5,May,2,2024,21,Sunday,True
1243,2024-05-27,27,5,May,2,2024,22,Monday,False
1244,2024-05-28,28,5,May,2,2024,22,Tuesday,False
1245,2024-05-29,29,5,May,2,2024,22,Wednesday,False
1246,2024-05-30,30,5,May,2,2024,22,Thursday,False
1247,2024-05-31,31,5,May,2,2024,22,Friday,False
1248,2024-06-01,1,6,June,2,2024,22,Saturday,True
1249,2024-06-02,2,6,June,2,2024,22,Sunday,True
1250,2024-06-03,3,6,June,2,2024,23,Monday,False
1251,2024-06-04,4,6,June,2,2024,23,Tuesday,False
1252,2024-06-05,5,6,June,2,2024,23,Wednesday,False
1253,2024-06-06,6,6,June,2,2024,23,Thursday,False
1254,2024-06-07,7,6,June,2,2024,23,Friday,False
1255,2024-06-08,8,6,June,2,2024,23,Saturday,True
1256,2024-06-09,9,6,June,2,2024,23,Sunday,True
1257,2024-06-10,10,6,June,2,2024,24,Monday,False
1258,2024-06-11,11,6,June,2,2024,24,Tuesday,False
1259,2024-06-12,12,6,June,2,2024,24,Wednesday,False
1260,2024-06-13,13,6,June,2,2024,24,Thursday,False
1261,2024-06-14,14,6,June,2,2024,24,Friday,False
1262,2024-06-15,15,6,June,2,2024,24,Saturday,True
1263,2024-06-16,16,6,June,2,2024,24,Sunday,True
1264,2024-06-17,17,6,June,2,2024,25,Monday,False
1265,2024-06-18,18,6,June,2,2024,25,Tuesday,False
1266,2024-06-19,19,6,June,2,2024,25,Wednesday,False
1267,2024-06-20,20,6,June,2,2024,25,Thursday,False
1268,2024-06-21,21,6,June,2,2024,25,Friday,False
1269,2024-06-22,22,6,June,2,2024,25,Saturday,True
1270,2024-06-23,23,6,June,2,2024,25,Sunday,True
1271,2024-06-24,24,6,June,2,2024,26,Monday,False
1272,2024-06-25,25,6,June,2,2024,26,Tuesday,False
1273,2024-06-26,26,6,June,2,2024,26,Wednesday,False
1274,2024-06-27,27,6,June,2,2024,26,Thursday,False
1275,2024-06-28,28,6,June,2,2024,26,Friday,False
1276,2024-06-29,29,6,June,2,2024,26,Saturday,True
1277,2024-06-30,30,6,June,2,2024,26,Sunday,True
1278,2024-07-01,1,7,July,3,2024,27,Monday,False
1279,2024-07-02,2,7,July,3,2024,27,Tuesday,False
1280,2024-07-03,3,7,July,3,2024,27,Wednesday,False
1281,2024-07-04,4,7,July,3,2024,27,Thursday,False
1282,2024-07-05,5,7,July,3,2024,27,Friday,False
1283,2024-07-06,6,7,July,3,2024,27,Saturday,True
1284,2024-07-07,7,7,July,3,2024,27,Sunday,True
1285,2024-07-08,8,7,July,3,2024,28,Monday,False
1286,2024-07-09,9,7,July,3,2024,28,Tuesday,False
1287,2024-07-10,10,7,July,3,2024,28,Wednesday,False
1288,2024-07-11,11,7,July,3,2024,28,Thursday,False
1289,2024-07-12,12,7,July,3,2024,28,Friday,False
1290,2024-07-13,13,7,July,3,2024,28,Saturday,True
1291,2024-07-14,14,7,July,3,2024,28,Sunday,True
1292,2024-07-15,15,7,July,3,2024,29,Monday,False
1293,2024-07-16,16,7,July,3,2024,29,Tuesday,False
1294,2024-07-17,17,7,July,3,2024,29,Wednesday,False
1295,2024-07-18,18,7,July,3,2024,29,Thursday,False
1296,2024-07-19,19,7,July,3,2024,29,Friday,False
1297,2024-07-20,20,7,July,3,2024,29,Saturday,True
1298,2024-07-21,21,7,July,3,2024,29,Sunday,True
1299,2024-07-22,22,7,July,3,2024,30,Monday,False
1300,2024-07-23,23,7,July,3,2024,30,Tuesday,False
1301,2024-07-24,24,7,July,3,2024,30,Wednesday,False
1302,2024-07-25,25,7,July,3,2024,30,Thursday,False
1303,2024-07-26,26,7,July,3,2024,30,Friday,False
1304,2024-07-27,27,7,July,3,2024,30,Saturday,True
1305,2024-07-28,28,7,July,3,2024,30,Sunday,True
1306,2024-07-29,29,7,July,3,2024,31,Monday,False
1307,2024-07-30,30,7,July,3,2024,31,Tuesday,False
1308,2024-07-31,31,7,July,3,2024,31,Wednesday,False
1309,2024-08-01,1,8,August,3,2024,31,Thursday,False
1310,2024-08-02,2,8,August,3,2024,31,Friday,False
1311,2024-08-03,3,8,August,3,2024,31,Saturday,True
1312,2024-08-04,4,8,August,3,2024,31,Sunday,True
1313,2024-08-05,5,8,August,3,2024,32,Monday,False
1314,2024-08-06,6,8,August,3,2024,32,Tuesday,False
1315,2024-08-07,7,8,August,3,2024,32,Wednesday,False
1316,2024-08-08,8,8,August,3,2024,32,Thursday,False
1317,2024-08-09,9,8,August,3,2024,32,Friday,False
1318,2024-08-10,10,8,August,3,2024,32,Saturday,True
1319,2024-08-11,11,8,August,3,2024,32,Sunday,True
1320,2024-08-12,12,8,August,3,2024,33,Monday,False
1321,2024-08-13,13,8,August,3,2024,33,Tuesday,False
1322,2024-08-14,14,8,August,3,2024,33,Wednesday,False
1323,2024-08-15,15,8,August,3,2024,33,Thursday,False
1324,2024-08-16,16,8,August,3,2024,33,Friday,False
1325,2024-08-17,17,8,August,3,2024,33,Saturday,True
1326,2024-08-18,18,8,August,3,2024,33,Sunday,True
1327,2024-08-19,19,8,August,3,2024,34,Monday,False
1328,2024-08-20,20,8,August,3,2024,34,Tuesday,False
1329,2024-08-21,21,8,August,3,2024,34,Wednesday,False
1330,2024-08-22,22,8,August,3,2024,34,Thursday,False
1331,2024-08-23,23,8,August,3,2024,34,Friday,False
1332,2024-08-24,24,8,August,3,2024,34,Saturday,True
1333,2024-08-25,25,8,August,3,2024,34,Sunday,True
1334,2024-08-26,26,8,August,3,2024,35,Monday,False
1335,2024-08-27,27,8,August,3,2024,35,Tuesday,False
1336,2024-08-28,28,8,August,3,2024,35,Wednesday,False
1337,2024-08-29,29,8,August,3,2024,35,Thursday,False
1338,2024-08-30,30,8,August,3,2024,35,Friday,False
1339,2024-08-31,31,8,August,3,2024,35,Saturday,True
1340,2024-09-01,1,9,September,3,2024,35,Sunday,True
1341,2024-09-02,2,9,September,3,2024,36,Monday,False
1342,2024-09-03,3,9,September,3,2024,36,Tuesday,False
1343,2024-09-04,4,9,September,3,2024,36,Wednesday,False
1344,2024-09-05,5,9,September,3,2024,36,Thursday,False
1345,2024-09-06,6,9,September,3,2024,36,Friday,False
1346,2024-09-07,7,9,September,3,2024,36,Saturday,True
1347,2024-09-08,8,9,September,3,2024,36,Sunday,True
1348,2024-09-09,9,9,September,3,2024,37,Monday,False
1349,2024-09-10,10,9,September,3,2024,37,Tuesday,False
1350,2024-09-11,11,9,September,3,2024,37,Wednesday,False
1351,2024-09-12,12,9,September,3,2024,37,Thursday,False
1352,2024-09-13,13,9,September,3,2024,37,Friday,False
1353,2024-09-14,14,9,September,3,2024,37,Saturday,True
1354,2024-09-15,15,9,September,3,2024,37,Sunday,True
1355,2024-09-16,16,9,September,3,2024,38,Monday,False
1356,2024-09-17,17,9,September,3,2024,38,Tuesday,False
1357,2024-09-18,18,9,September,3,2024,38,Wednesday,False
1358,2024-09-19,19,9,September,3,2024,38,Thursday,False
1359,2024-09-20,20,9,September,3,2024,38,Friday,False
1360,2024-09-21,21,9,September,3,2024,38,Saturday,True
1361,2024-09-22,22,9,September,3,2024,38,Sunday,True
1362,2024-09-23,23,9,September,3,2024,39,Monday,False
1363,2024-09-24,24,9,September,3,2024,39,Tuesday,False
1364,2024-09-25,25,9,September,3,2024,39,Wednesday,False
1365,2024-09-26,26,9,September,3,2024,39,Thursday,False
1366,2024-09-27,27,9,September,3,2024,39,Friday,False
1367,2024-09-28,28,9,September,3,2024,39,Saturday,True
1368,2024-09-29,29,9,September,3,2024,39,Sunday,True
1369,2024-09-30,30,9,September,3,2024,40,Monday,False
1370,2024-10-01,1,10,October,4,2024,40,Tuesday,False
1371,2024-10-02,2,10,October,4,2024,40,Wednesday,False
1372,2024-10-03,3,10,October,4,2024,40,Thursday,False
1373,2024-10-04,4,10,October,4,2024,40,Friday,False
1374,2024-10-05,5,10,October,4,2024,40,Saturday,True
1375,2024-10-06,6,10,October,4,2024,40,Sunday,True
1376,2024-10-07,7,10,October,4,2024,41,Monday,False
1377,2024-10-08,8,10,October,4,2024,41,Tuesday,False
1378,2024-10-09,9,10,October,4,2024,41,Wednesday,False
1379,2024-10-10,10,10,October,4,2024,41,Thursday,False
1380,2024-10-11,11,10,October,4,2024,41,Friday,False
1381,2024-10-12,12,10,October,4,2024,41,Saturday,True
1382,2024-10-13,13,10,October,4,2024,41,Sunday,True
1383,2024-10-14,14,10,October,4,2024,42,Monday,False
1384,2024-10-15,15,10,October,4,2024,42,Tuesday,False
1385,2024-10-16,16,10,October,4,2024,42,Wednesday,False
1386,2024-10-17,17,10,October,4,2024,42,Thursday,False
1387,2024-10-18,18,10,October,4,2024,42,Friday,False
1388,2024-10-19,19,10,October,4,2024,42,Saturday,True
1389,2024-10-20,20,10,October,4,2024,42,Sunday,True
1390,2024-10-21,21,10,October,4,2024,43,Monday,False
1391,2024-10-22,22,10,October,4,2024,43,Tuesday,False
1392,2024-10-23,23,10,October,4,2024,43,Wednesday,False
1393,2024-10-24,24,10,October,4,2024,43,Thursday,False
1394,2024-10-25,25,10,October,4,2024,43,Friday,False
1395,2024-10-26,26,10,October,4,2024,43,Saturday,True
1396,2024-10-27,27,10,October,4,2024,43,Sunday,True
1397,2024-10-28,28,10,October,4,2024,44,Monday,False
1398,2024-10-29,29,10,October,4,2024,44,Tuesday,False
1399,2024-10-30,30,10,October,4,2024,44,Wednesday,False
1400,2024-10-31,31,10,October,4,2024,44,Thursday,False
1401,2024-11-01,1,11,November,4,2024,44,Friday,False
1402,2024-11-02,2,11,November,4,2024,44,Saturday,True
1403,2024-11-03,3,11,November,4,2024,44,Sunday,True
1404,2024-11-04,4,11,November,4,2024,45,Monday,False
1405,2024-11-05,5,11,November,4,2024,45,Tuesday,False
1406,2024-11-06,6,11,November,4,2024,45,Wednesday,False
1407,2024-11-07,7,11,November,4,2024,45,Thursday,False
1408,2024-11-08,8,11,November,4,2024,45,Friday,False
1409,2024-11-09,9,11,November,4,2024,45,Saturday,True
1410,2024-11-10,10,11,November,4,2024,45,Sunday,True
1411,2024-11-11,11,11,November,4,2024,46,Monday,False
1412,2024-11-12,12,11,November,4,2024,46,Tuesday,False
1413,2024-11-13,13,11,November,4,2024,46,Wednesday,False
1414,2024-11-14,14,11,November,4,2024,46,Thursday,False
1415,2024-11-15,15,11,November,4,2024,46,Friday,False
1416,2024-11-16,16,11,November,4,2024,46,Saturday,True
1417,2024-11-17,17,11,November,4,2024,46,Sunday,True
1418,2024-11-18,18,11,November,4,2024,47,Monday,False
1419,2024-11-19,19,11,November,4,2024,47,Tuesday,False
1420,2024-11-20,20,11,November,4,2024,47,Wednesday,False
1421,2024-11-21,21,11,November,4,2024,47,Thursday,False
1422,2024-11-22,22,11,November,4,2024,47,Friday,False
1423,2024-11-23,23,11,November,4,2024,47,Saturday,True
1424,2024-11-24,24,11,November,4,2024,47,Sunday,True
1425,2024-11-25,25,11,November,4,2024,48,Monday,False
1426,2024-11-26,26,11,November,4,2024,48,Tuesday,False
1427,2024-11-27,27,11,November,4,2024,48,Wednesday,False
1428,2024-11-28,28,11,November,4,2024,48,Thursday,False
1429,2024-11-29,29,11,November,4,2024,48,Friday,False
1430,2024-11-30,30,11,November,4,2024,48,Saturday,True
1431,2024-12-01,1,12,December,4,2024,48,Sunday,True
1432,2024-12-02,2,12,December,4,2024,49,Monday,False
1433,2024-12-03,3,12,December,4,2024,49,Tuesday,False
1434,2024-12-04,4,12,December,4,2024,49,Wednesday,False
1435,2024-12-05,5,12,December,4,2024,49,Thursday,False
1436,2024-12-06,6,12,December,4,2024,49,Friday,False
1437,2024-12-07,7,12,December,4,2024,49,Saturday,True
1438,2024-12-08,8,12,December,4,2024,49,Sunday,True
1439,2024-12-09,9,12,December,4,2024,50,Monday,False
1440,2024-12-10,10,12,December,4,2024,50,Tuesday,False
1441,2024-12-11,11,12,December,4,2024,50,Wednesday,False
1442,2024-12-12,12,12,December,4,2024,50,Thursday,False
1443,2024-12-13,13,12,December,4,2024,50,Friday,False
1444,2024-12-14,14,12,December,4,2024,50,Saturday,True
1445,2024-12-15,15,12,December,4,2024,50,Sunday,True
1446,2024-12-16,16,12,December,4,2024,51,Monday,False
1447,2024-12-17,17,12,December,4,2024,51,Tuesday,False
1448,2024-12-18,18,12,December,4,2024,51,Wednesday,False
1449,2024-12-19,19,12,December,4,2024,51,Thursday,False
1450,2024-12-20,20,12,December,4,2024,51,Friday,False
1451,2024-12-21,21,12,December,4,2024,51,Saturday,True
1452,2024-12-22,22,12,December,4,2024,51,Sunday,True
1453,2024-12-23,23,12,December,4,2024,52,Monday,False
1454,2024-12-24,24,12,December,4,2024,52,Tuesday,False
1455,2024-12-25,25,12,December,4,2024,52,Wednesday,False
1456,2024-12-26,26,12,December,4,2024,52,Thursday,False
1457,2024-12-27,27,12,December,4,2024,52,Friday,False
1458,2024-12-28,28,12,December,4,2024,52,Saturday,True
1459,2024-12-29,29,12,December,4,2024,52,Sunday,True
1460,2024-12-30,30,12,December,4,2024,1,Monday,False
1461,2024-12-31,31,12,December,4,2024,1,Tuesday,False
